Sensor: 118653 (ID: 118653),Created: 2023-06-05 10:22:57 ,Start: 2023-03-07 09:16:34 ,End: 2023-06-05 10:16:34 

Timestamp,Temperature,Humidity,Dewpoint
05/10/2023 10:23:10 ,74.8,23,34.5
05/10/2023 11:17:10 ,73,19.8,29.3
05/10/2023 12:16:54 ,73.6,20.2,30.3
05/10/2023 12:52:38 ,74,19.5,29.7
05/10/2023 13:49:04 ,70,18.9,25.7
05/10/2023 14:48:39 ,69.7,18.9,25.4
05/10/2023 15:03:37 ,69.9,19.2,26
05/10/2023 15:18:34 ,70.2,19.4,26.5
05/10/2023 15:33:43 ,71.9,23.5,32.6
05/10/2023 15:48:23 ,68.9,23.6,30.1
05/10/2023 16:03:19 ,67.6,24.5,30
05/10/2023 16:18:14 ,67.3,25.2,30.3
05/10/2023 16:33:10 ,67.1,25.6,30.5
05/10/2023 16:48:07 ,66.9,26,30.8
05/10/2023 17:03:03 ,67.1,26.5,31.4
05/10/2023 17:18:00 ,67.1,26.8,31.7
05/10/2023 17:32:57 ,67.2,27.1,32.1
05/10/2023 17:47:53 ,67.2,27.5,32.5
05/10/2023 18:02:52 ,67.4,27.8,32.9
05/10/2023 18:17:48 ,67.5,28.1,33.2
05/10/2023 18:32:46 ,67.6,28.6,33.8
05/10/2023 18:47:44 ,67.8,28.6,34
05/10/2023 19:02:40 ,67.9,28.9,34.3
05/10/2023 19:17:38 ,67.6,29.2,34.3
05/10/2023 19:32:34 ,67.5,29.7,34.6
05/10/2023 19:47:32 ,67.4,30,34.8
05/10/2023 20:02:28 ,67.4,30.4,35.2
05/10/2023 20:17:25 ,67.4,30.6,35.3
05/10/2023 20:32:24 ,67.4,30.9,35.5
05/10/2023 20:47:19 ,67.4,31.2,35.8
05/10/2023 21:02:15 ,67.4,31.5,36
05/10/2023 21:17:13 ,67.4,31.7,36.2
05/10/2023 21:32:09 ,67.3,31.9,36.3
05/10/2023 21:47:07 ,67.5,31.9,36.4
05/10/2023 22:02:04 ,67.4,32,36.4
05/10/2023 22:17:01 ,67.6,32.1,36.7
05/10/2023 22:31:58 ,67.6,32.3,36.9
05/10/2023 22:46:54 ,67.7,32.8,37.3
05/10/2023 23:01:52 ,67.8,32.9,37.4
05/10/2023 23:16:48 ,67.6,33.2,37.5
05/10/2023 23:31:46 ,67.9,33.3,37.9
05/10/2023 23:46:44 ,68.2,33.7,38.4
05/11/2023 00:01:41 ,68.1,33.6,38.3
05/11/2023 00:16:38 ,68.4,34.3,39.1
05/11/2023 00:31:36 ,68.5,33.8,38.8
05/11/2023 00:46:34 ,68.6,34.4,39.3
05/11/2023 01:01:32 ,68.8,34,39.2
05/11/2023 01:16:27 ,68.8,34.3,39.4
05/11/2023 01:31:26 ,68.9,34,39.2
05/11/2023 01:46:23 ,69,34.6,39.8
05/11/2023 02:01:21 ,68.9,34,39.3
05/11/2023 02:16:20 ,69.2,34.7,40.1
05/11/2023 02:31:16 ,68.9,34.2,39.4
05/11/2023 02:46:12 ,69.4,34.4,40
05/11/2023 03:01:11 ,69.2,34.1,39.6
05/11/2023 03:16:07 ,69.7,34.2,40.2
05/11/2023 03:31:06 ,69,34.1,39.5
05/11/2023 03:46:01 ,69.9,34.3,40.4
05/11/2023 04:00:58 ,69,34.1,39.4
05/11/2023 04:15:53 ,69.7,34.1,40.1
05/11/2023 04:30:48 ,68.9,34.3,39.5
05/11/2023 04:45:48 ,69.6,34,39.9
05/11/2023 05:00:43 ,68.8,34.4,39.5
05/11/2023 05:15:42 ,69.4,33.8,39.5
05/11/2023 05:30:39 ,69.2,34.5,39.9
05/11/2023 05:45:37 ,69.2,34.1,39.7
05/11/2023 06:00:33 ,69.7,34.4,40.3
05/11/2023 06:15:31 ,68.9,34.4,39.5
05/11/2023 06:30:28 ,69.6,34.5,40.3
05/11/2023 06:45:24 ,68.8,35.1,40
05/11/2023 07:00:23 ,69.2,34.8,40.1
05/11/2023 07:15:19 ,69.3,35.7,40.9
05/11/2023 07:30:18 ,69,35.2,40.2
05/11/2023 07:45:15 ,69.4,35.6,40.9
05/11/2023 08:00:11 ,69.2,36.1,41.1
05/11/2023 08:15:09 ,69.5,35.8,41.1
05/11/2023 08:30:06 ,69.9,36.5,42
05/11/2023 08:45:03 ,69.4,36.8,41.8
05/11/2023 09:00:00 ,69.2,37.6,42.1
05/11/2023 09:14:55 ,68.9,38,42.1
05/11/2023 09:29:52 ,68.5,37.9,41.7
05/11/2023 09:44:48 ,68.3,38.9,42.2
05/11/2023 09:59:48 ,67.9,39.8,42.4
05/11/2023 10:14:44 ,67.8,39.2,41.9
05/11/2023 10:29:39 ,67.6,39.6,42.1
05/11/2023 10:44:36 ,67.3,38.8,41.3
05/11/2023 10:59:34 ,67.1,38.8,41.1
05/11/2023 11:14:32 ,67,39,41.1
05/11/2023 11:29:27 ,66.9,38.8,40.9
05/11/2023 11:44:25 ,68,38.6,41.7
05/11/2023 11:59:23 ,68.2,38,41.6
05/11/2023 12:14:22 ,68.8,37.4,41.6
05/11/2023 12:29:18 ,68.8,37,41.4
05/11/2023 12:44:14 ,68.9,36.9,41.4
05/11/2023 12:59:11 ,69,37,41.5
05/11/2023 13:14:08 ,69.1,36.9,41.5
05/11/2023 13:29:06 ,69.2,36.5,41.4
05/11/2023 13:44:03 ,69.2,36.5,41.3
05/11/2023 13:59:04 ,69.4,36.2,41.4
05/11/2023 14:13:58 ,69.4,35.6,40.9
05/11/2023 14:28:55 ,69.6,35.4,40.9
05/11/2023 14:43:52 ,69.2,35.4,40.6
05/11/2023 14:58:49 ,68.8,35.6,40.3
05/11/2023 15:13:46 ,68.5,35.8,40.3
05/11/2023 15:28:43 ,69.6,35,40.6
05/11/2023 15:43:41 ,69.6,34.8,40.5
05/11/2023 15:58:38 ,69.7,35.2,40.9
05/11/2023 16:13:36 ,69.6,35.4,40.9
05/11/2023 16:28:32 ,69.6,35.4,40.9
05/11/2023 16:43:31 ,69.6,35.4,41
05/11/2023 16:58:27 ,69.5,36,41.3
05/11/2023 17:13:24 ,69.6,36,41.4
05/11/2023 17:28:23 ,69.5,35.1,40.6
05/11/2023 17:43:17 ,69.5,35,40.6
05/11/2023 17:58:14 ,69.4,35.8,41.1
05/11/2023 18:13:13 ,69.6,35.9,41.3
05/11/2023 18:28:09 ,69.6,35.9,41.3
05/11/2023 18:43:06 ,69.7,35.7,41.2
05/11/2023 18:58:04 ,69.8,36,41.5
05/11/2023 19:12:59 ,69.8,36.1,41.6
05/11/2023 19:27:58 ,69.7,36.2,41.6
05/11/2023 19:42:54 ,69.6,36.8,42
05/11/2023 19:57:52 ,69.8,36.4,41.8
05/11/2023 20:12:48 ,69.7,36.7,41.9
05/11/2023 20:27:46 ,69.7,37,42.2
05/11/2023 20:42:43 ,69.2,38.7,42.9
05/11/2023 20:57:40 ,69.6,37.9,42.7
05/11/2023 21:12:38 ,69.7,37.2,42.3
05/11/2023 21:27:35 ,69,37.9,42.2
05/11/2023 21:42:30 ,69.3,38.2,42.7
05/11/2023 21:57:27 ,68.9,39.6,43.2
05/11/2023 22:12:25 ,68.7,38.9,42.5
05/11/2023 22:27:22 ,68.5,41,43.8
05/11/2023 22:42:18 ,68.7,40.1,43.3
05/11/2023 22:57:15 ,68.5,39.9,43
05/11/2023 23:12:12 ,68.3,40.7,43.4
05/11/2023 23:27:09 ,68.5,40.9,43.7
05/11/2023 23:42:07 ,68.8,43.7,45.7
05/11/2023 23:57:05 ,68.5,41.4,44.1
05/12/2023 00:12:00 ,68.6,44.2,45.8
05/12/2023 00:26:59 ,68.8,41.7,44.5
05/12/2023 00:41:55 ,68.6,43.1,45.2
05/12/2023 00:56:54 ,69.1,44.3,46.3
05/12/2023 01:11:50 ,68.7,42.9,45.1
05/12/2023 01:26:49 ,69,45.8,47.2
05/12/2023 01:41:43 ,68.8,43,45.3
05/12/2023 01:56:40 ,69.3,47.2,48.2
05/12/2023 02:11:37 ,69,43.8,45.9
05/12/2023 02:26:34 ,69.4,49.1,49.4
05/12/2023 02:41:32 ,69.4,45.5,47.4
05/12/2023 02:56:28 ,69.2,48.6,49
05/12/2023 03:11:26 ,69.7,46.2,48
05/12/2023 03:26:22 ,69.2,47.3,48.2
05/12/2023 03:41:21 ,69.8,46.3,48.2
05/12/2023 03:56:17 ,69.2,47,48
05/12/2023 04:11:17 ,70.1,46.9,48.8
05/12/2023 04:26:12 ,69.3,46.2,47.6
05/12/2023 04:41:12 ,70.4,47.2,49.2
05/12/2023 04:56:09 ,69.4,46.2,47.8
05/12/2023 05:11:04 ,70.5,46.5,48.9
05/12/2023 05:25:59 ,69.4,45.7,47.5
05/12/2023 05:40:58 ,70.4,46.8,49
05/12/2023 05:55:55 ,69.5,45.9,47.6
05/12/2023 06:10:52 ,70.3,46.7,48.9
05/12/2023 06:25:48 ,69.3,45.6,47.3
05/12/2023 06:40:48 ,70.3,47.1,49.1
05/12/2023 06:55:43 ,69.4,44.8,46.9
05/12/2023 07:10:41 ,70,48.6,49.7
05/12/2023 07:25:37 ,69.2,45.3,47
05/12/2023 07:40:34 ,69.8,50,50.2
05/12/2023 07:55:32 ,69.5,48.1,48.9
05/12/2023 08:10:29 ,69.8,49.1,49.7
05/12/2023 08:25:29 ,69.7,49.4,49.8
05/12/2023 08:40:24 ,70.5,48.8,50.2
05/12/2023 08:55:21 ,70.1,49.3,50.1
05/12/2023 09:10:20 ,69.9,49.4,50.1
05/12/2023 09:25:16 ,69.7,49.7,50
05/12/2023 09:40:13 ,69.2,47.4,48.2
05/12/2023 09:55:09 ,68.9,46.3,47.3
05/12/2023 10:10:05 ,68.3,45.8,46.6
05/12/2023 10:25:03 ,68.3,45.4,46.3
05/12/2023 10:40:01 ,68.2,45.4,46.2
05/12/2023 10:54:58 ,68.8,46.4,47.3
05/12/2023 11:09:54 ,68.9,46.3,47.4
05/12/2023 11:24:51 ,68.9,45.8,47
05/12/2023 11:39:49 ,69,46.3,47.4
05/12/2023 11:54:46 ,68.9,46.3,47.3
05/12/2023 12:09:45 ,70.2,45.9,48.3
05/12/2023 12:24:41 ,70.4,45.2,48.1
05/12/2023 12:39:39 ,70.9,45,48.4
05/12/2023 12:54:36 ,70.9,44.5,48.1
05/12/2023 13:09:34 ,71,44.4,48.1
05/12/2023 13:24:31 ,71,44.4,48.1
05/12/2023 13:39:28 ,71.1,44.4,48.2
05/12/2023 13:54:26 ,71.3,44.9,48.7
05/12/2023 14:09:24 ,71.3,44.4,48.4
05/12/2023 14:24:20 ,71.4,44.3,48.4
05/12/2023 14:39:16 ,71.3,44.3,48.4
05/12/2023 14:54:13 ,70.8,44.5,48
05/12/2023 15:09:09 ,71,44.4,48.2
05/12/2023 15:24:06 ,70.9,44.4,48
05/12/2023 15:39:02 ,70.5,43.7,47.3
05/12/2023 15:54:01 ,70.5,44,47.4
05/12/2023 16:08:56 ,70.3,43.5,47
05/12/2023 16:23:53 ,70.5,43.7,47.3
05/12/2023 16:38:51 ,70.7,42.8,46.9
05/12/2023 16:53:49 ,71.3,42.8,47.5
05/12/2023 17:08:45 ,71,42.6,47.1
05/12/2023 17:23:42 ,70.8,42.4,46.8
05/12/2023 17:38:39 ,70.7,42.3,46.6
05/12/2023 17:53:38 ,70.7,42.9,47
05/12/2023 18:08:35 ,70.8,42.5,46.8
05/12/2023 18:23:32 ,71.3,42.6,47.3
05/12/2023 18:38:28 ,70.8,42.4,46.7
05/12/2023 18:53:26 ,70.9,42.8,47.1
05/12/2023 19:08:22 ,70.7,42.6,46.8
05/12/2023 19:23:20 ,70.8,43.1,47.2
05/12/2023 19:38:16 ,70.8,42.9,47.1
05/12/2023 19:53:14 ,70.9,43.4,47.5
05/12/2023 20:08:11 ,70.8,42.7,47
05/12/2023 20:23:07 ,70.9,42.7,47.1
05/12/2023 20:38:04 ,70.8,42.9,47.1
05/12/2023 20:53:02 ,70.6,42.3,46.5
05/12/2023 21:07:59 ,70.9,43,47.2
05/12/2023 21:22:56 ,70.8,42.7,46.9
05/12/2023 21:37:53 ,70.8,42.6,46.8
05/12/2023 21:52:50 ,70.8,42.5,46.8
05/12/2023 22:07:47 ,70.8,42.1,46.5
05/12/2023 22:22:46 ,70.9,42.5,46.9
05/12/2023 22:37:42 ,70.6,42,46.3
05/12/2023 22:52:39 ,70.7,42.5,46.7
05/12/2023 23:07:35 ,70.4,42.2,46.3
05/12/2023 23:22:34 ,70.4,42.5,46.4
05/12/2023 23:37:29 ,70.5,42.5,46.6
05/12/2023 23:52:27 ,70.4,42.5,46.5
05/13/2023 00:07:23 ,70.4,42.8,46.6
05/13/2023 00:22:20 ,70.1,42.5,46.2
05/13/2023 00:37:16 ,70.2,42.8,46.5
05/13/2023 00:52:14 ,70.2,42.7,46.4
05/13/2023 01:07:12 ,70.1,42.7,46.3
05/13/2023 01:22:08 ,70.2,42.8,46.5
05/13/2023 01:37:05 ,69.9,42.5,46
05/13/2023 01:52:03 ,70.1,42.9,46.4
05/13/2023 02:07:01 ,70.1,42.6,46.2
05/13/2023 02:21:57 ,69.7,42.5,45.8
05/13/2023 02:36:54 ,69.8,42.6,46
05/13/2023 02:51:51 ,69.5,42.4,45.6
05/13/2023 03:06:48 ,69.6,42.8,45.9
05/13/2023 03:21:45 ,69.3,42.5,45.5
05/13/2023 03:36:44 ,69.5,42.7,45.7
05/13/2023 03:51:39 ,69.6,42.3,45.6
05/13/2023 04:06:36 ,69.2,42.2,45.2
05/13/2023 04:21:35 ,69.4,42.3,45.4
05/13/2023 04:36:30 ,69.2,43.8,46.2
05/13/2023 04:51:28 ,69.4,43.5,46.2
05/13/2023 05:06:25 ,69,43,45.5
05/13/2023 05:21:23 ,69.4,44.1,46.6
05/13/2023 05:36:20 ,69.3,42.9,45.7
05/13/2023 05:51:18 ,69.6,47.1,48.5
05/13/2023 06:06:15 ,69.2,43.9,46.3
05/13/2023 06:21:11 ,69.2,44.7,46.7
05/13/2023 06:36:09 ,69.2,43.7,46.1
05/13/2023 06:51:05 ,68.9,44.5,46.3
05/13/2023 07:06:02 ,69.1,44.2,46.3
05/13/2023 07:20:59 ,68.7,43.5,45.5
05/13/2023 07:35:57 ,68.8,43.9,45.9
05/13/2023 07:50:55 ,68.9,43.8,45.9
05/13/2023 08:05:52 ,68.7,43.9,45.7
05/13/2023 08:20:49 ,68.9,44.2,46.1
05/13/2023 08:35:45 ,68.9,44.2,46.1
05/13/2023 08:50:43 ,68.8,43.5,45.6
05/13/2023 09:05:40 ,68.8,43.4,45.5
05/13/2023 09:20:36 ,68.7,43.6,45.5
05/13/2023 09:35:33 ,68.9,43.7,45.9
05/13/2023 09:50:31 ,68.6,43.4,45.4
05/13/2023 10:05:28 ,68.9,43.8,45.8
05/13/2023 10:20:25 ,68.7,43.7,45.6
05/13/2023 10:35:22 ,68.9,44.2,46.1
05/13/2023 10:50:21 ,70.1,44.5,47.4
05/13/2023 11:05:18 ,69.7,43.9,46.6
05/13/2023 11:20:14 ,69.4,43.8,46.4
05/13/2023 11:35:11 ,69.4,44.3,46.7
05/13/2023 11:50:09 ,69.8,44.6,47.2
05/13/2023 12:05:07 ,70.5,44.3,47.6
05/13/2023 12:20:04 ,70.6,43.9,47.5
05/13/2023 12:35:01 ,71,42.5,47
05/13/2023 12:49:59 ,71.1,40.7,45.9
05/13/2023 13:04:55 ,71.1,39.5,45.2
05/13/2023 13:19:52 ,70.8,39.6,44.9
05/13/2023 13:34:48 ,70.1,38.7,43.7
05/13/2023 13:49:46 ,69.9,37.8,42.9
05/13/2023 14:04:42 ,69.8,36.9,42.2
05/13/2023 14:19:39 ,69.7,35.9,41.4
05/13/2023 14:34:36 ,70,35.1,41.1
05/13/2023 14:49:34 ,69.9,34.2,40.3
05/13/2023 15:04:31 ,70.1,32.8,39.4
05/13/2023 15:19:28 ,70.2,31.9,38.8
05/13/2023 15:34:26 ,70.2,31.1,38.2
05/13/2023 15:49:22 ,70.3,29.5,36.9
05/13/2023 16:04:20 ,70.1,28.6,36
05/13/2023 16:19:16 ,70.2,28.1,35.6
05/13/2023 16:34:14 ,70.4,27.8,35.5
05/13/2023 16:49:10 ,70.3,27.4,35
05/13/2023 17:04:08 ,70.4,27.4,35.1
05/13/2023 17:19:05 ,70.3,27.6,35.2
05/13/2023 17:34:02 ,70.5,27.9,35.7
05/13/2023 17:49:02 ,70.9,28.1,36.2
05/13/2023 18:03:57 ,70.9,28.3,36.3
05/13/2023 18:18:54 ,70.7,28.6,36.5
05/13/2023 18:33:52 ,70.9,28.8,36.8
05/13/2023 18:48:49 ,70.8,29.1,37
05/13/2023 19:03:50 ,71.1,29.3,37.4
05/13/2023 19:18:44 ,71,29.1,37.1
05/13/2023 19:33:40 ,71.1,29.1,37.3
05/13/2023 19:48:37 ,71.1,29.2,37.3
05/13/2023 20:03:36 ,71.2,29.1,37.3
05/13/2023 20:18:33 ,70.9,29,37
05/13/2023 20:33:30 ,70.9,28.9,36.9
05/13/2023 20:48:28 ,70.9,28.7,36.7
05/13/2023 21:03:23 ,70.9,28.7,36.7
05/13/2023 21:18:20 ,71,28.7,36.8
05/13/2023 21:33:17 ,70.8,29,36.9
05/13/2023 21:48:14 ,71,29.2,37.2
05/13/2023 22:03:11 ,70.7,29.3,37.1
05/13/2023 22:18:08 ,70.9,29.2,37.1
05/13/2023 22:33:05 ,70.8,29.5,37.4
05/13/2023 22:48:01 ,70.7,29.6,37.3
05/13/2023 23:02:59 ,70.9,29.7,37.6
05/13/2023 23:17:55 ,70.7,29.7,37.4
05/13/2023 23:32:53 ,70.8,29.8,37.6
05/13/2023 23:47:51 ,70.6,29.7,37.3
05/14/2023 00:02:47 ,70.6,29.9,37.5
05/14/2023 00:17:44 ,70.7,29.9,37.5
05/14/2023 00:32:42 ,70.6,30.1,37.7
05/14/2023 00:47:40 ,70.7,30.6,38.1
05/14/2023 01:02:35 ,70.5,30.6,38
05/14/2023 01:17:33 ,70.8,30.6,38.2
05/14/2023 01:32:31 ,70.6,30.2,37.8
05/14/2023 01:47:28 ,70.6,29.9,37.5
05/14/2023 02:02:24 ,70.5,29.8,37.3
05/14/2023 02:17:21 ,70.4,29.8,37.2
05/14/2023 02:32:18 ,70.4,29.8,37.3
05/14/2023 02:47:15 ,70.3,29.6,37
05/14/2023 03:02:12 ,70.3,29.3,36.8
05/14/2023 03:17:09 ,70.5,29.2,36.8
05/14/2023 03:32:08 ,70.5,29.4,37
05/14/2023 03:47:07 ,70.5,29.3,36.9
05/14/2023 04:02:00 ,70.5,29.6,37.1
05/14/2023 04:16:57 ,70.5,30.8,38.2
05/14/2023 04:31:55 ,70.5,31.9,39
05/14/2023 04:46:52 ,70.6,32.1,39.3
05/14/2023 05:01:49 ,70.4,32,39
05/14/2023 05:16:46 ,70.5,32.2,39.3
05/14/2023 05:31:42 ,70.4,32.7,39.6
05/14/2023 05:46:41 ,70.4,32.3,39.3
05/14/2023 06:01:38 ,70.7,32.4,39.6
05/14/2023 06:16:33 ,70.2,32.6,39.4
05/14/2023 06:31:30 ,70.4,32.3,39.3
05/14/2023 06:46:26 ,70,31.2,38.1
05/14/2023 07:01:24 ,70.3,31.3,38.4
05/14/2023 07:16:21 ,70.3,30.8,38
05/14/2023 07:31:19 ,70.1,30.1,37.2
05/14/2023 07:46:17 ,70.3,29.2,36.7
05/14/2023 08:01:12 ,70,28.7,35.9
05/14/2023 08:16:10 ,70.1,28.5,35.9
05/14/2023 08:31:07 ,70.2,28.3,35.7
05/14/2023 08:46:04 ,70.1,28,35.4
05/14/2023 09:01:01 ,69.8,28.1,35.2
05/14/2023 09:15:57 ,70.1,28.1,35.5
05/14/2023 09:30:54 ,69.9,28.2,35.4
05/14/2023 09:45:52 ,70,28.2,35.5
05/14/2023 10:00:49 ,69.8,28.4,35.5
05/14/2023 10:15:47 ,69.9,28.5,35.6
05/14/2023 10:30:42 ,69.8,28.9,36
05/14/2023 10:45:41 ,69.7,29,35.9
05/14/2023 11:00:37 ,69.6,29.2,36.1
05/14/2023 11:15:32 ,69.6,29.1,35.9
05/14/2023 11:30:30 ,69.1,29.2,35.6
05/14/2023 11:45:26 ,69.2,29,35.5
05/14/2023 12:00:24 ,68.9,29.2,35.4
05/14/2023 12:15:20 ,69,29.2,35.5
05/14/2023 12:30:17 ,68.9,29,35.2
05/14/2023 12:45:14 ,69,29.1,35.4
05/14/2023 13:00:11 ,68.7,29.2,35.3
05/14/2023 13:15:07 ,68.9,29.4,35.6
05/14/2023 13:30:04 ,68.8,28.8,35
05/14/2023 13:45:03 ,68.8,28.8,35
05/14/2023 13:59:58 ,68.5,28.7,34.6
05/14/2023 14:14:56 ,68.5,28.8,34.7
05/14/2023 14:29:54 ,68.3,29.1,34.8
05/14/2023 14:44:52 ,68.2,29.3,34.9
05/14/2023 14:59:48 ,68.3,29.5,35.1
05/14/2023 15:14:45 ,68.3,29.3,35
05/14/2023 15:29:42 ,68.1,29.5,35
05/14/2023 15:44:40 ,68.1,29.2,34.7
05/14/2023 15:59:38 ,68.1,29,34.5
05/14/2023 16:14:37 ,68.2,29,34.6
05/14/2023 16:29:32 ,68.2,28.7,34.4
05/14/2023 16:44:29 ,68,28.5,34.1
05/14/2023 16:59:27 ,68.2,28.4,34.1
05/14/2023 17:14:24 ,68.2,28.2,33.9
05/14/2023 17:29:20 ,68.3,28.1,33.9
05/14/2023 17:44:17 ,68.2,28.1,33.8
05/14/2023 17:59:14 ,68.1,27.9,33.6
05/14/2023 18:14:11 ,68.1,27.7,33.4
05/14/2023 18:29:08 ,68.3,27.7,33.6
05/14/2023 18:44:06 ,68.3,27.4,33.3
05/14/2023 18:59:03 ,68.3,27.2,33.1
05/14/2023 19:14:00 ,68.4,27,33
05/14/2023 19:28:56 ,68.2,26.7,32.5
05/14/2023 19:43:54 ,68.3,26.9,32.9
05/14/2023 19:58:51 ,68.1,27,32.7
05/14/2023 20:13:48 ,68.5,27.1,33.2
05/14/2023 20:28:44 ,68.5,27.2,33.3
05/14/2023 20:43:42 ,68.4,27.1,33.1
05/14/2023 20:58:40 ,68.5,27,33.1
05/14/2023 21:13:38 ,68.7,27.2,33.4
05/14/2023 21:28:34 ,68.7,27.1,33.3
05/14/2023 21:43:31 ,68.7,27.2,33.4
05/14/2023 21:58:28 ,68.9,27.1,33.6
05/14/2023 22:13:27 ,69.2,27.2,33.9
05/14/2023 22:28:23 ,68.9,27.2,33.6
05/14/2023 22:43:18 ,68.9,27.4,33.8
05/14/2023 22:58:15 ,68.8,27.7,34
05/14/2023 23:13:14 ,68.9,27.7,34.1
05/14/2023 23:28:10 ,68.7,27.8,34
05/14/2023 23:43:07 ,68.9,27.9,34.2
05/14/2023 23:58:04 ,69,28.1,34.5
05/15/2023 00:13:03 ,68.9,27.9,34.3
05/15/2023 00:27:59 ,69.2,27.8,34.4
05/15/2023 00:42:55 ,68.9,28.1,34.4
05/15/2023 00:57:58 ,69.1,27.9,34.4
05/15/2023 01:12:50 ,69,28,34.4
05/15/2023 01:27:49 ,68.9,28,34.4
05/15/2023 01:42:43 ,69.4,27.9,34.7
05/15/2023 01:57:39 ,68.9,28.3,34.6
05/15/2023 02:12:38 ,69,28.3,34.7
05/15/2023 02:27:34 ,69.1,28.7,35.2
05/15/2023 02:42:34 ,68.9,28.7,34.9
05/15/2023 02:57:29 ,68.9,28.8,35.1
05/15/2023 03:12:28 ,68.9,29,35.2
05/15/2023 03:27:23 ,68.7,28.8,34.9
05/15/2023 03:42:21 ,68.9,28.9,35.1
05/15/2023 03:57:18 ,68.7,29.2,35.3
05/15/2023 04:12:14 ,68.3,29.1,34.8
05/15/2023 04:27:12 ,68.4,29,34.8
05/15/2023 04:42:08 ,68.7,29,35.1
05/15/2023 04:57:04 ,68.3,29.3,35
05/15/2023 05:12:02 ,68.4,29.2,35
05/15/2023 05:27:01 ,68.5,29.1,35
05/15/2023 05:41:56 ,68.7,29.1,35.1
05/15/2023 05:56:53 ,68.2,29.2,34.8
05/15/2023 06:11:50 ,68.1,29.2,34.7
05/15/2023 06:26:47 ,68.1,29.3,34.8
05/15/2023 06:41:45 ,68.4,29.5,35.2
05/15/2023 06:56:40 ,68.2,29.8,35.3
05/15/2023 07:11:38 ,67.9,30,35.2
05/15/2023 07:26:36 ,68.1,30.3,35.6
05/15/2023 07:41:33 ,68.2,30.6,36
05/15/2023 07:56:31 ,68.2,30.7,36.1
05/15/2023 08:11:26 ,67.9,30.8,35.9
05/15/2023 08:26:24 ,67.9,30.7,35.8
05/15/2023 08:41:21 ,67.8,30.9,35.9
05/15/2023 08:56:21 ,67.9,30.6,35.7
05/15/2023 09:11:15 ,68.1,30.3,35.6
05/15/2023 09:26:12 ,67.8,30,35.1
05/15/2023 09:41:08 ,67.7,30.1,35.1
05/15/2023 09:56:05 ,67.5,30.3,35.1
05/15/2023 10:11:04 ,67.4,30.1,34.8
05/15/2023 10:25:59 ,67.2,30,34.6
05/15/2023 10:40:57 ,67.1,30.2,34.7
05/15/2023 10:55:53 ,66.9,30.1,34.4
05/15/2023 11:10:53 ,68.9,30.4,36.4
05/15/2023 11:25:53 ,70,30.3,37.3
05/15/2023 11:40:48 ,68.2,30.4,35.8
05/15/2023 11:55:42 ,66.5,31.4,35.1
05/15/2023 12:10:38 ,65.8,31.8,34.8
05/15/2023 12:25:35 ,65,32.2,34.4
05/15/2023 12:40:32 ,65.1,32.3,34.6
05/15/2023 12:55:29 ,64.9,32.1,34.3
05/15/2023 13:10:24 ,64.4,32.7,34.3
05/15/2023 13:25:24 ,64.6,32.8,34.5
05/15/2023 13:40:19 ,64.2,33.1,34.4
05/15/2023 13:55:17 ,64.7,33.5,35.2
05/15/2023 14:10:13 ,64.6,33.5,35.1
05/15/2023 14:25:12 ,65.1,33.3,35.4
05/15/2023 14:40:07 ,64.2,33.4,34.6
05/15/2023 14:55:04 ,64,33.2,34.3
05/15/2023 15:10:01 ,64.1,33.4,34.6
05/15/2023 15:24:57 ,63.7,33.5,34.3
05/15/2023 15:39:53 ,63.8,33,34
05/15/2023 15:54:50 ,63.7,33.3,34.2
05/15/2023 16:09:49 ,64.1,33.1,34.3
05/15/2023 16:24:43 ,63.8,33.3,34.2
05/15/2023 16:39:40 ,63.9,33.6,34.5
05/15/2023 16:54:38 ,64,33.5,34.6
05/15/2023 17:09:35 ,63.8,33.3,34.2
05/15/2023 17:24:33 ,63.9,33.2,34.3
05/15/2023 17:39:29 ,63.7,33,33.9
05/15/2023 17:54:27 ,64,32.9,34.1
05/15/2023 18:09:23 ,63.7,33.3,34.1
05/15/2023 18:24:22 ,64.3,33.6,34.9
05/15/2023 18:39:20 ,64.2,33.7,34.9
05/15/2023 18:54:17 ,64.2,33.5,34.7
05/15/2023 19:09:13 ,64.2,33.2,34.5
05/15/2023 19:24:10 ,64,33.4,34.5
05/15/2023 19:39:07 ,64,33.8,34.8
05/15/2023 19:54:05 ,64,34.1,35
05/15/2023 20:09:02 ,64,34.3,35.2
05/15/2023 20:23:59 ,64.9,34.6,36.1
05/15/2023 20:39:03 ,66.1,33.5,36.4
05/15/2023 20:53:56 ,65,34.4,36.1
05/15/2023 21:08:53 ,65.5,34.9,37
05/15/2023 21:23:50 ,64.9,35.4,36.7
05/15/2023 21:38:46 ,65.1,36.1,37.5
05/15/2023 21:53:44 ,65.3,35.9,37.4
05/15/2023 22:08:40 ,64.6,37.1,37.7
05/15/2023 22:23:38 ,65.4,37.3,38.5
05/15/2023 22:38:36 ,64.7,38.3,38.6
05/15/2023 22:53:37 ,65.4,38,39
05/15/2023 23:08:30 ,65.2,38.5,39.2
05/15/2023 23:23:30 ,66.8,36.6,39.3
05/15/2023 23:38:26 ,66,37.2,39
05/15/2023 23:53:26 ,67.2,36.7,39.8
05/16/2023 00:08:22 ,66.1,36.7,38.7
05/16/2023 00:23:22 ,67.6,35,38.9
05/16/2023 00:38:17 ,66.4,34.9,37.7
05/16/2023 00:53:16 ,67.7,34.9,38.9
05/16/2023 01:08:16 ,66.2,34.9,37.5
05/16/2023 01:23:08 ,65.8,35.5,37.6
05/16/2023 01:38:06 ,65.6,35.5,37.4
05/16/2023 01:53:01 ,65.4,36.2,37.8
05/16/2023 02:07:58 ,65.4,36,37.6
05/16/2023 02:22:56 ,66.3,36.2,38.6
05/16/2023 02:37:54 ,66.4,35.6,38.3
05/16/2023 02:52:51 ,67.6,35.9,39.5
05/16/2023 03:07:50 ,66.9,35.2,38.4
05/16/2023 03:22:44 ,67.5,35.4,39.1
05/16/2023 03:37:41 ,67.4,35.2,38.8
05/16/2023 03:52:37 ,67.7,35.7,39.5
05/16/2023 04:07:33 ,67.6,35.1,39
05/16/2023 04:22:28 ,67.7,35.7,39.5
05/16/2023 04:37:27 ,67.6,34.9,38.8
05/16/2023 04:52:21 ,66.8,35.6,38.6
05/16/2023 05:07:19 ,66.5,34.9,37.8
05/16/2023 05:22:14 ,66.8,35.3,38.4
05/16/2023 05:37:13 ,67.3,34.2,38
05/16/2023 05:52:08 ,67.6,34.5,38.5
05/16/2023 06:07:07 ,67.4,33.6,37.7
05/16/2023 06:22:03 ,67.9,34,38.4
05/16/2023 06:37:02 ,67.8,33.1,37.7
05/16/2023 06:51:55 ,66.7,34.3,37.5
05/16/2023 07:06:53 ,66.3,34.2,37.2
05/16/2023 07:21:49 ,67.2,34.6,38.2
05/16/2023 07:36:49 ,67,33.8,37.4
05/16/2023 07:51:43 ,67.3,34.4,38.2
05/16/2023 08:06:40 ,67,33.3,37
05/16/2023 08:21:34 ,67,34.1,37.6
05/16/2023 08:36:34 ,67.6,32.8,37.2
05/16/2023 08:51:28 ,66.1,33.6,36.5
05/16/2023 09:06:30 ,67.9,32.9,37.5
05/16/2023 09:21:22 ,65.8,33.6,36.3
05/16/2023 09:36:19 ,66,34.2,36.8
05/16/2023 09:51:15 ,65.4,34.2,36.3
05/16/2023 10:06:16 ,66.5,34,37.2
05/16/2023 10:21:11 ,65.9,33.7,36.4
05/16/2023 10:36:09 ,65.5,34.7,36.8
05/16/2023 10:51:06 ,65.4,34.4,36.5
05/16/2023 11:06:04 ,65.5,35,37
05/16/2023 11:21:01 ,66.1,34.9,37.5
05/16/2023 11:35:56 ,65.1,35.4,37
05/16/2023 11:50:57 ,66.2,35,37.7
05/16/2023 12:05:52 ,65.5,35.7,37.5
05/16/2023 12:20:48 ,64.9,36.6,37.6
05/16/2023 12:35:45 ,65.4,37.3,38.5
05/16/2023 12:50:40 ,65.1,37.7,38.6
05/16/2023 13:05:39 ,65.4,38,39
05/16/2023 13:20:35 ,65,39,39.3
05/16/2023 13:35:33 ,65.2,38.6,39.3
05/16/2023 13:50:28 ,65,39.3,39.5
05/16/2023 14:05:27 ,65.1,39.8,39.9
05/16/2023 14:20:22 ,65.1,39.1,39.5
05/16/2023 14:35:18 ,64.8,38.8,39
05/16/2023 14:50:16 ,65.6,38,39.2
05/16/2023 15:05:14 ,65.8,37.5,39.1
05/16/2023 15:20:12 ,66,36.4,38.5
05/16/2023 15:35:07 ,65.9,37.2,38.9
05/16/2023 15:50:04 ,65.4,37.8,38.9
05/16/2023 16:05:02 ,65.7,37.2,38.7
05/16/2023 16:19:58 ,65.3,36.4,37.9
05/16/2023 16:34:57 ,65.4,35.5,37.3
05/16/2023 16:49:55 ,65.6,34.5,36.7
05/16/2023 17:04:50 ,65.4,33.8,36
05/16/2023 17:19:48 ,65.6,33.5,36
05/16/2023 17:34:44 ,65.3,33.4,35.6
05/16/2023 17:49:42 ,65.5,33.5,35.9
05/16/2023 18:04:39 ,65.4,33.6,35.9
05/16/2023 18:19:35 ,65.2,33.4,35.5
05/16/2023 18:34:34 ,65.3,32.9,35.3
05/16/2023 18:49:29 ,65.1,32.7,35
05/16/2023 19:04:26 ,65.6,32.2,35
05/16/2023 19:19:24 ,65.8,33.3,36
05/16/2023 19:34:21 ,66,34.9,37.4
05/16/2023 19:49:18 ,66,35,37.5
05/16/2023 20:04:16 ,65.8,35.9,37.9
05/16/2023 20:19:13 ,65.8,36.9,38.6
05/16/2023 20:34:09 ,65.4,38,39
05/16/2023 20:49:07 ,65.2,39.4,39.8
05/16/2023 21:04:05 ,65.2,40.2,40.3
05/16/2023 21:19:00 ,64.9,40.7,40.3
05/16/2023 21:33:57 ,65.1,42.1,41.4
05/16/2023 21:48:54 ,64.8,42.1,41.1
05/16/2023 22:03:51 ,64.9,42.8,41.6
05/16/2023 22:18:49 ,65.3,42.8,42
05/16/2023 22:33:48 ,66.7,48.4,46.5
05/16/2023 22:48:45 ,66.2,44.7,43.9
05/16/2023 23:03:40 ,65.5,44,42.9
05/16/2023 23:18:37 ,65.4,44.4,43.1
05/16/2023 23:33:34 ,65.3,44.9,43.3
05/16/2023 23:48:31 ,65.6,45.2,43.7
05/17/2023 00:03:28 ,65.4,44.9,43.3
05/17/2023 00:18:26 ,65.9,48.9,46.1
05/17/2023 00:33:23 ,65.7,44.2,43.2
05/17/2023 00:48:20 ,65.8,46.6,44.7
05/17/2023 01:03:18 ,65.9,44.5,43.6
05/17/2023 01:18:16 ,65.8,47.3,45.1
05/17/2023 01:33:15 ,67.4,46.7,46.2
05/17/2023 01:48:09 ,66,44.9,43.9
05/17/2023 02:03:09 ,67.5,47.5,46.7
05/17/2023 02:18:04 ,66.5,44.9,44.3
05/17/2023 02:33:01 ,66.6,49.8,47.2
05/17/2023 02:47:58 ,66.3,46.5,45.1
05/17/2023 03:02:56 ,68.3,49.6,48.6
05/17/2023 03:17:52 ,67.5,46.7,46.3
05/17/2023 03:32:49 ,68.4,49,48.4
05/17/2023 03:47:46 ,67.8,45.5,45.9
05/17/2023 04:02:43 ,69,45.4,46.9
05/17/2023 04:17:40 ,68.3,43.6,45.2
05/17/2023 04:32:38 ,69.4,43.7,46.2
05/17/2023 04:47:35 ,68.8,42.1,44.7
05/17/2023 05:02:33 ,70.2,41,45.3
05/17/2023 05:17:31 ,69.4,39.6,43.7
05/17/2023 05:32:29 ,70.4,38.1,43.6
05/17/2023 05:47:24 ,69.9,37.4,42.7
05/17/2023 06:02:22 ,69.6,36,41.4
05/17/2023 06:17:20 ,70.7,35.8,42.2
05/17/2023 06:32:16 ,69.7,35.6,41.2
05/17/2023 06:47:15 ,69.8,34.7,40.6
05/17/2023 07:02:12 ,70.6,34.7,41.3
05/17/2023 07:17:08 ,69.6,33.9,39.8
05/17/2023 07:32:09 ,70.1,32.2,39
05/17/2023 07:47:04 ,70.4,31.9,39
05/17/2023 08:02:00 ,69.4,31,37.3
05/17/2023 08:17:00 ,69.7,29.8,36.6
05/17/2023 08:31:53 ,68.5,30.6,36.3
05/17/2023 08:46:52 ,68.2,30.4,35.8
05/17/2023 09:01:46 ,69,30.3,36.4
05/17/2023 09:16:44 ,68.7,29.1,35.2
05/17/2023 09:31:42 ,69.9,28.6,35.8
05/17/2023 09:46:38 ,68.9,28.7,34.9
05/17/2023 10:01:34 ,68.7,28.2,34.3
05/17/2023 10:16:28 ,67.4,29,34
05/17/2023 10:31:29 ,68.7,28.1,34.3
05/17/2023 10:46:24 ,68.2,28.2,33.9
05/17/2023 11:01:23 ,67.4,27.8,32.9
05/17/2023 11:16:19 ,68.5,27.8,33.8
05/17/2023 11:31:14 ,66.8,27.2,31.8
05/17/2023 11:46:14 ,68.7,26.7,33
05/17/2023 12:01:07 ,67,26.5,31.4
05/17/2023 12:16:08 ,69,25.9,32.5
05/17/2023 12:31:04 ,68,26,31.7
05/17/2023 12:46:03 ,67.8,25.6,31.2
05/17/2023 13:00:57 ,68,26.1,31.8
05/17/2023 13:15:56 ,68,25.3,31
05/17/2023 13:30:53 ,68.8,24.9,31.3
05/17/2023 13:45:48 ,67.1,24.9,29.9
05/17/2023 14:00:48 ,68.6,23.6,29.8
05/17/2023 14:15:44 ,67.8,24.4,30
05/17/2023 14:30:46 ,68.3,24.1,30.2
05/17/2023 14:45:38 ,68.1,24.4,30.3
05/17/2023 15:00:36 ,67.9,24,29.7
05/17/2023 15:15:32 ,68.9,24.1,30.6
05/17/2023 15:30:28 ,67.4,24.4,29.6
05/17/2023 15:45:26 ,69.1,23.9,30.6
05/17/2023 16:00:22 ,67.5,24.4,29.7
05/17/2023 16:15:22 ,68.7,23.5,29.9
05/17/2023 16:30:19 ,67.6,24.5,29.9
05/17/2023 16:45:19 ,68.4,23.3,29.4
05/17/2023 17:00:12 ,68,24.1,29.9
05/17/2023 17:15:12 ,68.8,22.9,29.3
05/17/2023 17:30:06 ,68.7,23.5,29.8
05/17/2023 17:45:06 ,68.8,22.8,29.2
05/17/2023 18:00:03 ,69.1,23.1,29.8
05/17/2023 18:15:00 ,68.7,22.7,29
05/17/2023 18:29:58 ,69.7,22.6,29.8
05/17/2023 18:44:53 ,68.4,22.6,28.7
05/17/2023 18:59:53 ,69.7,21.8,28.8
05/17/2023 19:14:49 ,69.2,22.6,29.3
05/17/2023 19:29:45 ,68.6,22.4,28.6
05/17/2023 19:44:43 ,69.8,22,29.2
05/17/2023 19:59:37 ,68.7,22.6,28.9
05/17/2023 20:14:34 ,68.5,22.5,28.6
05/17/2023 20:29:33 ,69.8,22.3,29.5
05/17/2023 20:44:26 ,68.9,22.5,29
05/17/2023 20:59:23 ,68.5,22.6,28.7
05/17/2023 21:14:21 ,68.4,22.7,28.8
05/17/2023 21:29:19 ,68.7,22.9,29.2
05/17/2023 21:44:16 ,69.3,23,29.8
05/17/2023 21:59:13 ,69.2,23.2,29.9
05/17/2023 22:14:08 ,68.9,23,29.5
05/17/2023 22:29:07 ,68.6,22.9,29.2
05/17/2023 22:44:06 ,68.8,22.9,29.3
05/17/2023 22:59:04 ,69,22.7,29.3
05/17/2023 23:14:02 ,69.6,22.6,29.6
05/17/2023 23:28:59 ,69.4,22.9,29.8
05/17/2023 23:43:54 ,69.2,22.9,29.6
05/17/2023 23:58:53 ,69.6,23.2,30.3
05/18/2023 00:13:48 ,69.8,23,30.2
05/18/2023 00:28:45 ,69.8,23.3,30.6
05/18/2023 00:43:41 ,69.8,23.4,30.7
05/18/2023 00:58:39 ,69.8,23.6,30.9
05/18/2023 01:13:36 ,69.3,24.1,31
05/18/2023 01:28:33 ,69,24.3,31
05/18/2023 01:43:29 ,69.2,24.5,31.3
05/18/2023 01:58:26 ,69.6,24.6,31.8
05/18/2023 02:13:23 ,69.9,24.3,31.7
05/18/2023 02:28:19 ,70,24,31.5
05/18/2023 02:43:15 ,69.9,24.2,31.6
05/18/2023 02:58:12 ,69.7,24.4,31.6
05/18/2023 03:13:10 ,69.7,24.5,31.8
05/18/2023 03:28:06 ,69.7,24.7,32
05/18/2023 03:43:06 ,69.9,24.6,32
05/18/2023 03:58:02 ,70.1,24.7,32.3
05/18/2023 04:14:13 ,70,24.4,31.9
05/18/2023 04:27:59 ,69.7,24.4,31.6
05/18/2023 04:42:54 ,69.7,24.5,31.7
05/18/2023 04:57:53 ,69.8,24.8,32.1
05/18/2023 05:12:49 ,70,24.8,32.3
05/18/2023 05:27:46 ,69.6,24.6,31.8
05/18/2023 05:42:43 ,69.2,24.8,31.6
05/18/2023 05:57:40 ,69.1,24.8,31.5
05/18/2023 06:12:37 ,68.9,24.8,31.3
05/18/2023 06:27:35 ,68.9,24.9,31.5
05/18/2023 06:42:31 ,68.6,24.7,31
05/18/2023 06:57:30 ,68.3,24.7,30.8
05/18/2023 07:12:26 ,68.2,25.2,31.2
05/18/2023 07:27:23 ,68.5,25.2,31.4
05/18/2023 07:42:21 ,68.8,25,31.4
05/18/2023 07:57:21 ,69,24.9,31.5
05/18/2023 08:12:18 ,69,24.7,31.4
05/18/2023 08:27:18 ,69.3,24.3,31.2
05/18/2023 08:42:15 ,69,24.2,30.8
05/18/2023 08:57:09 ,68.7,24,30.3
05/18/2023 09:12:04 ,68,24,29.7
05/18/2023 09:26:59 ,68,23.8,29.5
05/18/2023 09:41:57 ,68.3,23.6,29.6
05/18/2023 09:56:56 ,67.9,23.2,28.8
05/18/2023 10:11:53 ,67.6,23.1,28.5
05/18/2023 10:26:49 ,68,23.4,29.1
05/18/2023 10:41:44 ,67.6,23.7,29.2
05/18/2023 10:56:42 ,67.4,23.4,28.6
05/18/2023 11:11:41 ,68,23.2,29
05/18/2023 11:26:38 ,68.7,23.3,29.6
05/18/2023 11:41:33 ,67.8,23.1,28.7
05/18/2023 11:56:33 ,68.4,22.8,28.9
05/18/2023 12:11:30 ,69.2,22.6,29.4
05/18/2023 12:26:26 ,68.9,22.7,29.1
05/18/2023 12:41:25 ,69,22.5,29.1
05/18/2023 12:56:20 ,69.5,22.7,29.7
05/18/2023 13:11:17 ,68.4,22.9,29
05/18/2023 13:26:17 ,70.2,22.4,30
05/18/2023 13:41:11 ,68.5,23,29.1
05/18/2023 13:56:11 ,69.7,22.5,29.6
05/18/2023 14:11:05 ,68.1,23.2,29.1
05/18/2023 14:26:06 ,69.3,22.8,29.6
05/18/2023 14:41:01 ,69,23.4,30
05/18/2023 14:56:00 ,68.9,22.9,29.4
05/18/2023 15:10:55 ,68.9,23.4,29.9
05/18/2023 15:25:53 ,68.7,23.4,29.8
05/18/2023 15:40:48 ,68.9,23.6,30.1
05/18/2023 15:55:43 ,67.5,23.9,29.3
05/18/2023 16:10:40 ,67.5,24.3,29.6
05/18/2023 16:25:38 ,67.6,24,29.4
05/18/2023 16:40:32 ,67.8,24,29.6
05/18/2023 16:55:30 ,67.2,24.3,29.4
05/18/2023 17:10:27 ,67.9,25.5,31.2
05/18/2023 17:25:25 ,68,26.6,32.3
05/18/2023 17:40:22 ,69.2,26.7,33.5
05/18/2023 17:55:19 ,68.5,27.1,33.2
05/18/2023 18:10:20 ,69.8,26.5,33.7
05/18/2023 18:25:13 ,68.4,27,33
05/18/2023 18:40:12 ,70,26.9,34.3
05/18/2023 18:55:07 ,69.2,27.7,34.4
05/18/2023 19:10:04 ,68.8,27.6,33.9
05/18/2023 19:24:59 ,68.6,28.3,34.4
05/18/2023 19:39:57 ,68.6,28.8,34.8
05/18/2023 19:54:57 ,69.8,28.8,35.9
05/18/2023 20:09:53 ,69,29,35.3
05/18/2023 20:24:51 ,69.9,28.7,35.8
05/18/2023 20:39:47 ,68.3,28.9,34.6
05/18/2023 20:54:47 ,68.8,29.2,35.3
05/18/2023 21:09:43 ,69,29.9,36.1
05/18/2023 21:24:40 ,68.7,29.7,35.6
05/18/2023 21:39:42 ,69.9,29.8,36.8
05/18/2023 21:54:33 ,69.6,30.3,37
05/18/2023 22:09:32 ,68.9,30.2,36.2
05/18/2023 22:24:30 ,69.9,30.5,37.4
05/18/2023 22:39:27 ,69.8,31,37.7
05/18/2023 22:54:24 ,68.9,31,36.9
05/18/2023 23:09:22 ,69.6,30.9,37.4
05/18/2023 23:24:19 ,70.2,31.2,38.2
05/18/2023 23:39:16 ,70.1,31.4,38.3
05/18/2023 23:54:16 ,69.6,31.7,38.1
05/19/2023 00:09:12 ,69.7,31.9,38.4
05/19/2023 00:24:07 ,69.3,32.8,38.7
05/19/2023 00:39:03 ,68.8,33.4,38.7
05/19/2023 00:54:01 ,68.1,33.6,38.3
05/19/2023 01:09:00 ,68.6,33.3,38.5
05/19/2023 01:23:57 ,69.4,33.5,39.4
05/19/2023 01:38:54 ,69.6,33.6,39.6
05/19/2023 01:53:50 ,69.1,34,39.4
05/19/2023 02:08:45 ,68.1,34.5,39
05/19/2023 02:23:44 ,68.1,34.4,38.9
05/19/2023 02:38:46 ,68.6,34.3,39.3
05/19/2023 02:53:43 ,69.4,34,39.8
05/19/2023 03:08:39 ,69.4,34.1,39.8
05/19/2023 03:23:34 ,69,34.8,40
05/19/2023 03:38:32 ,69,35.5,40.5
05/19/2023 03:53:25 ,68.8,35.4,40.2
05/19/2023 04:08:22 ,68.8,35.5,40.3
05/19/2023 04:23:19 ,69,34.8,40
05/19/2023 04:38:17 ,69.2,34.5,39.9
05/19/2023 04:53:13 ,69,34.4,39.7
05/19/2023 05:08:11 ,69.2,34.3,39.8
05/19/2023 05:23:08 ,69,34.4,39.6
05/19/2023 05:38:06 ,69.2,34.5,39.9
05/19/2023 05:53:06 ,69,34.7,39.9
05/19/2023 06:08:02 ,69.2,34.7,40
05/19/2023 06:23:01 ,69.3,34.8,40.2
05/19/2023 06:38:01 ,69.3,34.7,40.2
05/19/2023 06:52:58 ,69.4,35.2,40.6
05/19/2023 07:07:55 ,69.7,35.2,40.9
05/19/2023 07:22:52 ,69.5,35.9,41.2
05/19/2023 07:37:46 ,68.9,37.2,41.6
05/19/2023 07:52:40 ,68.4,38.2,41.9
05/19/2023 08:07:38 ,67.5,39.7,42.1
05/19/2023 08:22:37 ,67.8,39,41.8
05/19/2023 08:37:35 ,68.2,39.3,42.4
05/19/2023 08:52:33 ,68.3,39.2,42.4
05/19/2023 09:07:29 ,68.2,38.4,41.8
05/19/2023 09:22:27 ,68.1,38.2,41.6
05/19/2023 09:37:23 ,68,38.2,41.5
05/19/2023 09:52:20 ,68,38.4,41.6
05/19/2023 10:07:16 ,68.1,38.6,41.8
05/19/2023 10:22:13 ,68,38.8,41.9
05/19/2023 10:37:12 ,68.1,39.2,42.3
05/19/2023 10:52:10 ,69.2,38.9,43
05/19/2023 11:07:07 ,69.7,39,43.5
05/19/2023 11:22:04 ,69.6,38.6,43.2
05/19/2023 11:37:01 ,69.4,38.9,43.2
05/19/2023 11:51:58 ,69.3,39,43.2
05/19/2023 12:06:56 ,69.3,39.2,43.3
05/19/2023 12:21:52 ,69.4,39.6,43.6
05/19/2023 12:36:49 ,69.3,39.9,43.8
05/19/2023 12:51:47 ,69.5,39.7,43.8
05/19/2023 13:06:44 ,69.5,39.6,43.8
05/19/2023 13:21:40 ,69.6,39.9,44
05/19/2023 13:36:38 ,69.7,39.7,44
05/19/2023 13:51:35 ,69.8,39.8,44.2
05/19/2023 14:06:32 ,69.9,40.2,44.5
05/19/2023 14:21:30 ,70,40.3,44.7
05/19/2023 14:36:28 ,70.1,40.4,44.9
05/19/2023 14:51:25 ,70.2,40.8,45.2
05/19/2023 15:06:22 ,70.2,40.9,45.3
05/19/2023 15:21:18 ,70.4,41.3,45.7
05/19/2023 15:36:15 ,70.4,41.8,46
05/19/2023 15:51:13 ,70.7,42,46.4
05/19/2023 16:06:09 ,70.6,42,46.3
05/19/2023 16:21:06 ,70.8,43.1,47.2
05/19/2023 16:36:04 ,70.9,43.5,47.5
05/19/2023 16:51:01 ,70.9,43.7,47.7
05/19/2023 17:05:57 ,71,43.5,47.6
05/19/2023 17:20:56 ,70.9,43,47.2
05/19/2023 17:35:51 ,70.9,42.7,47
05/19/2023 17:50:49 ,70.8,42.4,46.8
05/19/2023 18:05:47 ,70.8,42.3,46.7
05/19/2023 18:20:43 ,70.9,42.2,46.7
05/19/2023 18:35:40 ,70.8,42,46.5
05/19/2023 18:50:37 ,70.8,41.9,46.5
05/19/2023 19:05:36 ,70.8,41.8,46.4
05/19/2023 19:20:30 ,70.8,41.8,46.3
05/19/2023 19:35:27 ,70.7,41.8,46.2
05/19/2023 19:50:24 ,70.5,41.8,46.1
05/19/2023 20:05:21 ,70.5,41.6,45.9
05/19/2023 20:20:19 ,70.3,41.5,45.7
05/19/2023 20:35:16 ,70.2,41.6,45.7
05/19/2023 20:50:14 ,70.1,41.7,45.7
05/19/2023 21:05:09 ,70,41.8,45.7
05/19/2023 21:20:06 ,69.9,41.7,45.5
05/19/2023 21:35:03 ,69.8,41.7,45.4
05/19/2023 21:50:01 ,69.7,41.9,45.4
05/19/2023 22:04:59 ,69.6,42.3,45.6
05/19/2023 22:19:55 ,69.5,42.7,45.8
05/19/2023 22:34:51 ,69.4,43.2,45.9
05/19/2023 22:49:49 ,69.3,43.5,46
05/19/2023 23:04:47 ,69.2,44,46.2
05/19/2023 23:19:43 ,69.1,44.4,46.4
05/19/2023 23:34:40 ,69,44.4,46.4
05/19/2023 23:49:37 ,68.9,44.5,46.3
05/20/2023 00:04:33 ,68.9,44.5,46.3
05/20/2023 00:19:32 ,68.7,44.4,46.1
05/20/2023 00:34:26 ,68.7,44.5,46.1
05/20/2023 00:49:22 ,68.5,44.5,46
05/20/2023 01:04:20 ,68.5,44.5,46
05/20/2023 01:19:17 ,68.4,44.5,45.9
05/20/2023 01:34:15 ,68.3,44.5,45.8
05/20/2023 01:49:09 ,68.2,44.5,45.7
05/20/2023 02:04:07 ,68.1,44.5,45.5
05/20/2023 02:19:04 ,67.9,44.8,45.5
05/20/2023 02:34:01 ,67.8,45,45.6
05/20/2023 02:48:57 ,67.7,45.3,45.7
05/20/2023 03:03:54 ,67.5,45.6,45.7
05/20/2023 03:18:51 ,67.3,46,45.7
05/20/2023 03:33:48 ,67.2,46.3,45.8
05/20/2023 03:48:45 ,67.1,46.7,46
05/20/2023 04:03:42 ,67,47,46
05/20/2023 04:18:38 ,66.9,47.3,46.1
05/20/2023 04:33:36 ,66.8,47.7,46.2
05/20/2023 04:48:34 ,66.8,48,46.4
05/20/2023 05:03:29 ,66.6,48.5,46.5
05/20/2023 05:18:26 ,66.6,49,46.7
05/20/2023 05:33:24 ,66.5,49.4,46.9
05/20/2023 05:48:21 ,66.5,49.9,47.1
05/20/2023 06:03:19 ,66.5,50.6,47.5
05/20/2023 06:18:14 ,66.4,51.2,47.8
05/20/2023 06:33:12 ,66.4,52.1,48.2
05/20/2023 06:48:08 ,66.4,52.8,48.6
05/20/2023 07:03:06 ,66.6,53.5,49.1
05/20/2023 07:18:04 ,66.5,54.1,49.3
05/20/2023 07:33:01 ,66.6,54.9,49.8
05/20/2023 07:47:58 ,66.6,55.5,50.1
05/20/2023 08:02:55 ,66.7,56,50.4
05/20/2023 08:17:54 ,66.8,57,51
05/20/2023 08:32:50 ,67,58.1,51.7
05/20/2023 08:47:47 ,67.1,58.7,52.1
05/20/2023 09:02:45 ,67.2,59.5,52.6
05/20/2023 09:17:42 ,67.4,59.9,53
05/20/2023 09:32:39 ,67.6,60.2,53.2
05/20/2023 09:47:36 ,67.7,60.5,53.5
05/20/2023 10:02:33 ,67.9,60.8,53.8
05/20/2023 10:17:32 ,67.9,60.9,53.8
05/20/2023 10:32:29 ,68.1,61.1,54.1
05/20/2023 10:47:26 ,68.2,61.4,54.4
05/20/2023 11:02:23 ,68.3,61.7,54.6
05/20/2023 11:17:20 ,68.5,62.9,55.3
05/20/2023 11:32:17 ,68.7,63.7,55.9
05/20/2023 11:47:15 ,68.7,64.4,56.2
05/20/2023 12:02:12 ,68.7,65.5,56.6
05/20/2023 12:17:08 ,68.7,65.8,56.7
05/20/2023 12:32:06 ,68.7,66.1,56.8
05/20/2023 12:47:03 ,68.7,66.5,57
05/20/2023 13:02:02 ,68.7,67.3,57.3
05/20/2023 13:16:58 ,68.7,67.7,57.6
05/20/2023 13:31:54 ,68.7,68.2,57.7
05/20/2023 13:46:52 ,68.7,68.6,57.9
05/20/2023 14:01:49 ,68.9,69.2,58.4
05/20/2023 14:16:45 ,69,69.5,58.5
05/20/2023 14:31:44 ,69,69.9,58.8
05/20/2023 14:46:41 ,69.1,70.3,59
05/20/2023 15:01:38 ,69.2,70.6,59.2
05/20/2023 15:16:35 ,69.2,70.8,59.3
05/20/2023 15:31:32 ,69.3,71,59.5
05/20/2023 15:46:28 ,69.3,71.3,59.6
05/20/2023 16:01:25 ,69.4,71.5,59.8
05/20/2023 16:16:22 ,69.4,71.6,59.8
05/20/2023 16:31:19 ,69.5,71.8,60
05/20/2023 16:46:17 ,69.6,71.9,60.1
05/20/2023 17:01:13 ,69.6,72,60.2
05/20/2023 17:16:10 ,69.6,72.1,60.2
05/20/2023 17:31:08 ,69.6,72.3,60.3
05/20/2023 17:46:04 ,69.7,72.4,60.4
05/20/2023 18:01:05 ,69.8,72.5,60.5
05/20/2023 18:15:59 ,69.8,72.5,60.5
05/20/2023 18:30:57 ,69.9,72.6,60.6
05/20/2023 18:45:57 ,69.9,72.8,60.7
05/20/2023 19:00:52 ,69.9,72.9,60.8
05/20/2023 19:15:49 ,69.9,73.1,60.9
05/20/2023 19:30:46 ,69.9,73.4,61
05/20/2023 19:45:44 ,69.9,73.6,61.1
05/20/2023 20:00:39 ,69.9,73.6,61.1
05/20/2023 20:15:36 ,69.9,73.7,61.1
05/20/2023 20:30:33 ,70,73.8,61.2
05/20/2023 20:45:31 ,70,73.8,61.2
05/20/2023 21:00:28 ,70.1,73.7,61.3
05/20/2023 21:15:26 ,70,73.9,61.3
05/20/2023 21:30:22 ,70,74.2,61.4
05/20/2023 21:45:20 ,70.1,74.5,61.6
05/20/2023 22:00:17 ,70.1,74.6,61.6
05/20/2023 22:15:15 ,70.2,74.7,61.7
05/20/2023 22:30:11 ,70.2,74.8,61.8
05/20/2023 22:45:10 ,70.2,74.8,61.8
05/20/2023 23:00:06 ,70.2,74.7,61.8
05/20/2023 23:15:04 ,70.2,74.3,61.6
05/20/2023 23:30:01 ,70.1,74.1,61.4
05/20/2023 23:44:58 ,70,73.9,61.3
05/20/2023 23:59:55 ,70,73.8,61.2
05/21/2023 00:14:51 ,70,73.5,61.1
05/21/2023 00:29:50 ,70,73.4,61.1
05/21/2023 00:44:45 ,69.9,73.3,60.9
05/21/2023 00:59:43 ,69.9,73.2,60.9
05/21/2023 01:14:40 ,69.9,73.3,61
05/21/2023 01:29:38 ,69.9,73.4,61
05/21/2023 01:44:34 ,69.9,73.3,60.9
05/21/2023 01:59:30 ,69.9,73.4,61
05/21/2023 02:14:27 ,69.9,73.5,61
05/21/2023 02:29:24 ,69.9,73.6,61
05/21/2023 02:44:21 ,69.9,73.6,61
05/21/2023 02:59:18 ,69.9,73.6,61
05/21/2023 03:14:17 ,69.9,73.5,61
05/21/2023 03:29:14 ,69.9,73.5,61
05/21/2023 03:44:11 ,69.8,73.4,60.9
05/21/2023 03:59:08 ,69.8,73.3,60.8
05/21/2023 04:14:05 ,69.8,73.3,60.9
05/21/2023 04:29:03 ,69.8,73.2,60.8
05/21/2023 04:44:00 ,69.8,73.2,60.8
05/21/2023 04:58:56 ,69.8,73.2,60.8
05/21/2023 05:13:56 ,69.7,73.1,60.7
05/21/2023 05:28:51 ,69.7,72.9,60.6
05/21/2023 05:43:48 ,69.6,72.2,60.2
05/21/2023 05:58:45 ,69.5,71.7,59.9
05/21/2023 06:13:42 ,69.4,71.1,59.6
05/21/2023 06:28:39 ,69.3,70.4,59.2
05/21/2023 06:43:36 ,69.2,69.5,58.7
05/21/2023 06:58:32 ,69,68.1,58
05/21/2023 07:13:29 ,68.7,67.1,57.3
05/21/2023 07:28:27 ,68.4,66.3,56.7
05/21/2023 07:43:22 ,68.4,65,56.1
05/21/2023 07:58:19 ,68.2,64,55.5
05/21/2023 08:13:15 ,68.1,62.6,54.8
05/21/2023 08:28:14 ,67.9,61.5,54.1
05/21/2023 08:43:10 ,67.8,60.3,53.5
05/21/2023 08:58:07 ,67.8,58.8,52.8
05/21/2023 09:13:04 ,67.8,57.4,52.1
05/21/2023 09:28:00 ,67.8,56.8,51.8
05/21/2023 09:42:57 ,67.8,56.3,51.6
05/21/2023 09:57:54 ,67.8,55.2,51.1
05/21/2023 10:12:52 ,67.8,54.3,50.6
05/21/2023 10:27:49 ,67.9,53.8,50.4
05/21/2023 10:42:46 ,68,54.4,50.9
05/21/2023 10:57:42 ,68.2,55.7,51.7
05/21/2023 11:12:39 ,68.3,55.4,51.7
05/21/2023 11:27:38 ,68.5,54.9,51.6
05/21/2023 11:42:34 ,68.7,54.6,51.6
05/21/2023 11:57:32 ,68.9,54.8,51.9
05/21/2023 12:12:29 ,69.1,54.2,51.8
05/21/2023 12:27:27 ,69.4,54.1,52
05/21/2023 12:42:24 ,69.6,54.2,52.2
05/21/2023 12:57:24 ,69.8,53.6,52.1
05/21/2023 13:12:19 ,70,53.4,52.2
05/21/2023 13:27:17 ,70.2,53.3,52.4
05/21/2023 13:42:14 ,70.3,53.1,52.4
05/21/2023 13:57:11 ,70.5,53,52.4
05/21/2023 14:12:08 ,70.6,52.5,52.3
05/21/2023 14:27:06 ,70.8,52.4,52.4
05/21/2023 14:42:04 ,70.9,52,52.3
05/21/2023 14:57:02 ,71.2,51.8,52.5
05/21/2023 15:11:58 ,71.3,51.7,52.6
05/21/2023 15:26:56 ,71.5,51.4,52.6
05/21/2023 15:41:54 ,71.7,50.9,52.5
05/21/2023 15:56:51 ,71.8,50.5,52.4
05/21/2023 16:26:45 ,72.1,50.4,52.6
05/21/2023 16:41:44 ,71.4,50.7,52.1
05/21/2023 16:56:41 ,71.5,51,52.3
05/21/2023 17:26:34 ,72.4,50.1,52.7
05/21/2023 17:56:28 ,72.8,49.9,52.9
05/21/2023 18:26:22 ,73,49.9,53.2
05/21/2023 18:56:16 ,73.2,49.8,53.3
05/21/2023 19:26:10 ,73.2,50.2,53.5
05/21/2023 19:56:04 ,73.1,50.5,53.6
05/21/2023 20:25:56 ,73,50.4,53.4
05/21/2023 20:55:51 ,72.9,50,53.1
05/21/2023 21:25:44 ,72.8,49.7,52.9
05/21/2023 21:55:38 ,72.8,49.7,52.8
05/21/2023 22:25:31 ,72.7,49.8,52.8
05/21/2023 22:55:24 ,72.5,49.8,52.7
05/21/2023 23:25:18 ,72.4,50,52.7
05/21/2023 23:55:11 ,72.3,49.8,52.4
05/22/2023 00:25:06 ,72,49.4,51.9
05/22/2023 00:40:03 ,71.8,49,51.5
05/22/2023 00:55:00 ,71.6,48.7,51.2
05/22/2023 01:09:56 ,71.5,48.6,51
05/22/2023 01:24:52 ,71.3,48.7,50.9
05/22/2023 01:39:49 ,71.2,48.8,50.9
05/22/2023 01:54:46 ,70.9,49,50.7
05/22/2023 02:09:43 ,70.8,49.2,50.7
05/22/2023 02:24:41 ,70.6,49.4,50.7
05/22/2023 02:39:38 ,70.5,49.4,50.6
05/22/2023 02:54:35 ,70.4,49,50.2
05/22/2023 03:09:31 ,70.3,49.1,50.2
05/22/2023 03:24:28 ,70.2,49.1,50.2
05/22/2023 03:39:25 ,70.1,49.2,50.1
05/22/2023 03:54:22 ,70,49.5,50.2
05/22/2023 04:09:18 ,69.9,49.7,50.2
05/22/2023 04:24:17 ,69.8,49.6,50
05/22/2023 04:39:14 ,69.7,49.7,50
05/22/2023 04:54:10 ,69.6,49.8,49.9
05/22/2023 05:09:06 ,69.5,49.9,49.9
05/22/2023 05:24:04 ,69.4,49.8,49.8
05/22/2023 05:39:01 ,69.4,49.8,49.8
05/22/2023 05:53:59 ,69.3,49.9,49.8
05/22/2023 06:08:55 ,69.3,49.7,49.6
05/22/2023 06:23:52 ,69.2,48.7,49
05/22/2023 06:38:48 ,69.2,48.2,48.7
05/22/2023 06:53:45 ,69.2,47.8,48.5
05/22/2023 07:08:42 ,69.1,47.3,48.1
05/22/2023 07:23:39 ,69.1,47.8,48.4
05/22/2023 07:38:37 ,69.3,49,49.2
05/22/2023 07:53:34 ,69.4,48.6,49.1
05/22/2023 08:08:33 ,69.5,47.8,48.7
05/22/2023 08:23:29 ,69.5,47,48.3
05/22/2023 08:38:25 ,69.5,46.3,47.9
05/22/2023 08:53:22 ,69.6,45.5,47.5
05/22/2023 09:08:18 ,69.6,44,46.6
05/22/2023 09:23:16 ,69.6,43.4,46.3
05/22/2023 09:38:12 ,69.6,42.9,46
05/22/2023 09:53:10 ,69.6,42.2,45.5
05/22/2023 10:08:06 ,69.6,41.8,45.3
05/22/2023 10:23:03 ,69.6,41,44.8
05/22/2023 10:38:01 ,69.7,40.7,44.7
05/22/2023 10:52:58 ,69.8,40.4,44.5
05/22/2023 11:07:56 ,69.9,39.8,44.2
05/22/2023 11:22:52 ,69.9,39.7,44.2
05/22/2023 11:37:51 ,70,39.7,44.3
05/22/2023 11:52:48 ,70,39.7,44.3
05/22/2023 12:07:45 ,70.1,40.1,44.6
05/22/2023 12:22:42 ,70.1,40.4,44.9
05/22/2023 12:37:40 ,70.3,40.6,45.1
05/22/2023 12:52:38 ,70.3,40.6,45.2
05/22/2023 13:07:35 ,70.4,40.8,45.4
05/22/2023 13:22:32 ,70.5,40.9,45.5
05/22/2023 13:37:29 ,70.5,41.5,45.9
05/22/2023 13:52:27 ,70.6,41.6,46.1
05/22/2023 14:07:24 ,70.6,41.5,46
05/22/2023 14:22:22 ,70.5,41.9,46.2
05/22/2023 14:37:19 ,70.6,41.9,46.2
05/22/2023 14:52:18 ,70.7,42.2,46.5
05/22/2023 15:07:13 ,70.8,41.9,46.4
05/22/2023 15:22:11 ,70.7,41.9,46.4
05/22/2023 15:37:09 ,70.8,42,46.5
05/22/2023 15:52:04 ,70.8,42.4,46.8
05/22/2023 16:07:01 ,70.9,42.5,46.9
05/22/2023 16:21:58 ,70.8,42.6,46.9
05/22/2023 16:36:56 ,70.9,42.7,47
05/22/2023 16:51:52 ,70.9,42.8,47.1
05/22/2023 17:06:49 ,70.8,42.9,47.1
05/22/2023 17:21:46 ,70.8,43.1,47.2
05/22/2023 17:36:42 ,70.7,43,47.1
05/22/2023 17:51:41 ,70.6,43.3,47.1
05/22/2023 18:06:38 ,70.6,43.5,47.2
05/22/2023 18:21:35 ,70.5,43.8,47.3
05/22/2023 18:36:31 ,70.4,44.2,47.5
05/22/2023 18:51:28 ,70.3,44.6,47.7
05/22/2023 19:06:25 ,70.2,44.9,47.8
05/22/2023 19:21:22 ,70.1,45.2,47.8
05/22/2023 19:36:18 ,70,45.2,47.7
05/22/2023 19:51:15 ,69.8,45.5,47.7
05/22/2023 20:06:12 ,69.6,45.7,47.6
05/22/2023 20:21:10 ,69.4,46,47.7
05/22/2023 20:36:07 ,69.4,45.9,47.6
05/22/2023 20:51:04 ,69.2,45.7,47.3
05/22/2023 21:06:00 ,69.2,45,46.9
05/22/2023 21:20:57 ,69.2,44.4,46.5
05/22/2023 21:35:54 ,69,44.1,46.2
05/22/2023 21:50:51 ,69,44,46.1
05/22/2023 22:05:48 ,68.9,44.2,46.2
05/22/2023 22:20:43 ,68.8,44.3,46.1
05/22/2023 22:35:39 ,68.7,44.6,46.2
05/22/2023 22:50:36 ,68.7,44.7,46.2
05/22/2023 23:05:33 ,68.6,44.9,46.2
05/22/2023 23:20:31 ,68.5,44.9,46.2
05/22/2023 23:35:28 ,68.4,44.7,45.9
05/22/2023 23:50:25 ,68.3,44.6,45.8
05/23/2023 00:05:22 ,68.2,44.6,45.7
05/23/2023 00:20:19 ,68,44.5,45.4
05/23/2023 00:35:18 ,67.9,44.6,45.5
05/23/2023 00:50:14 ,67.8,44.5,45.3
05/23/2023 01:05:10 ,67.6,44.3,45
05/23/2023 01:20:08 ,67.4,44.3,44.8
05/23/2023 01:35:04 ,67.1,44.5,44.7
05/23/2023 01:50:01 ,67,44.8,44.7
05/23/2023 02:04:58 ,66.8,45,44.7
05/23/2023 02:19:54 ,66.7,45.6,44.9
05/23/2023 02:34:51 ,66.5,45.9,45
05/23/2023 02:49:50 ,66.4,45.9,44.9
05/23/2023 03:04:46 ,66.3,45.8,44.7
05/23/2023 03:19:41 ,66.1,45.8,44.5
05/23/2023 03:34:39 ,66,45.8,44.4
05/23/2023 03:49:36 ,65.9,46,44.4
05/23/2023 04:04:33 ,65.8,46.1,44.4
05/23/2023 04:19:30 ,65.6,46.2,44.3
05/23/2023 04:34:26 ,65.5,46.4,44.3
05/23/2023 04:49:23 ,65.4,46.6,44.3
05/23/2023 05:04:20 ,65.3,46.6,44.2
05/23/2023 05:19:17 ,65.1,46.4,43.9
05/23/2023 05:34:14 ,65,46.4,43.8
05/23/2023 05:49:10 ,64.8,46.4,43.7
05/23/2023 06:04:07 ,64.7,46.6,43.7
05/23/2023 06:19:04 ,64.6,46.8,43.7
05/23/2023 06:34:00 ,64.5,47,43.7
05/23/2023 06:48:58 ,64.4,47.4,43.8
05/23/2023 07:03:55 ,64.4,47.9,44.1
05/23/2023 07:18:52 ,64.4,48.5,44.4
05/23/2023 07:33:49 ,64.4,49,44.7
05/23/2023 07:48:47 ,64.6,49.3,45
05/23/2023 08:03:43 ,64.7,49.7,45.4
05/23/2023 08:18:39 ,64.8,49.4,45.3
05/23/2023 08:33:38 ,64.9,49.6,45.5
05/23/2023 08:48:35 ,65,48.6,45.1
05/23/2023 09:03:31 ,65.1,48.1,44.9
05/23/2023 09:18:28 ,65.2,47.6,44.7
05/23/2023 09:33:26 ,65.3,48,45
05/23/2023 09:48:23 ,65.6,49.5,46.1
05/23/2023 10:03:21 ,65.8,48.7,45.9
05/23/2023 10:18:18 ,66,48.4,45.8
05/23/2023 10:33:15 ,66.3,49.3,46.6
05/23/2023 10:48:13 ,66.5,50.1,47.2
05/23/2023 11:03:12 ,66.8,49.4,47.1
05/23/2023 11:18:09 ,66.9,49.2,47.2
05/23/2023 11:33:05 ,67.1,49.2,47.3
05/23/2023 11:48:04 ,67.3,48.8,47.3
05/23/2023 12:03:01 ,67.2,47.7,46.6
05/23/2023 12:17:58 ,67.3,47,46.3
05/23/2023 12:32:55 ,67.4,47.3,46.6
05/23/2023 12:47:52 ,67.6,47.2,46.7
05/23/2023 13:02:51 ,67.6,46.8,46.5
05/23/2023 13:17:49 ,67.8,46.7,46.5
05/23/2023 13:32:44 ,67.8,46.6,46.5
05/23/2023 13:47:42 ,67.9,46.5,46.5
05/23/2023 14:02:39 ,68.1,45.8,46.3
05/23/2023 14:17:36 ,68.1,45.5,46.2
05/23/2023 14:32:33 ,68.3,45.7,46.4
05/23/2023 14:47:31 ,68.4,46,46.7
05/23/2023 15:02:28 ,68.7,46.2,47.1
05/23/2023 15:17:25 ,68.9,45.5,46.9
05/23/2023 15:32:24 ,69.1,44.7,46.6
05/23/2023 15:47:21 ,69.3,44.1,46.4
05/23/2023 16:02:18 ,69.3,43,45.8
05/23/2023 16:17:16 ,69.4,42.7,45.7
05/23/2023 16:32:14 ,69.5,42,45.3
05/23/2023 16:47:11 ,69.6,41.6,45.1
05/23/2023 17:02:09 ,69.5,42.2,45.4
05/23/2023 17:17:05 ,69.5,42.4,45.6
05/23/2023 17:32:02 ,69.5,42.5,45.6
05/23/2023 17:47:01 ,69.6,43.1,46.1
05/23/2023 18:01:58 ,69.6,43.3,46.2
05/23/2023 18:16:54 ,69.6,44,46.7
05/23/2023 18:31:50 ,69.6,44.7,47.1
05/23/2023 18:46:46 ,69.6,45.2,47.4
05/23/2023 19:01:44 ,69.7,45.8,47.8
05/23/2023 19:16:41 ,69.8,46,48
05/23/2023 19:31:37 ,69.6,45.7,47.7
05/23/2023 19:46:34 ,69.5,45.2,47.2
05/23/2023 20:01:33 ,69.4,44.4,46.7
05/23/2023 20:16:29 ,69.3,43.6,46.2
05/23/2023 20:31:25 ,69.2,42.9,45.6
05/23/2023 20:46:23 ,69.2,42.1,45.1
05/23/2023 21:01:22 ,69.1,41.5,44.7
05/23/2023 21:16:17 ,68.9,40.6,43.9
05/23/2023 21:31:14 ,68.9,40,43.5
05/23/2023 21:46:12 ,68.8,39.7,43.2
05/23/2023 22:01:10 ,68.7,39.4,42.9
05/23/2023 22:16:06 ,68.6,39.5,42.9
05/23/2023 22:31:02 ,68.4,39.7,42.9
05/23/2023 22:46:01 ,68.4,39.7,42.9
05/23/2023 23:00:58 ,68.3,39.9,42.9
05/23/2023 23:15:54 ,68.2,40.4,43.1
05/23/2023 23:30:49 ,68.2,41,43.5
05/23/2023 23:45:46 ,68,41.2,43.4
05/24/2023 00:00:44 ,67.9,41.3,43.4
05/24/2023 00:15:40 ,67.8,41.8,43.6
05/24/2023 00:30:39 ,67.6,42.1,43.7
05/24/2023 00:45:34 ,67.4,42.2,43.6
05/24/2023 01:00:31 ,67.4,42.4,43.6
05/24/2023 01:15:28 ,67.2,42.7,43.7
05/24/2023 01:30:25 ,67.2,43.2,43.9
05/24/2023 01:45:22 ,67.1,43.3,44
05/24/2023 02:00:18 ,66.9,43,43.6
05/24/2023 02:15:16 ,66.9,43.8,44.1
05/24/2023 02:30:12 ,66.8,43.6,43.8
05/24/2023 02:45:10 ,66.7,44,44
05/24/2023 03:00:06 ,66.5,44.3,44
05/24/2023 03:15:03 ,66.3,43.8,43.5
05/24/2023 03:30:01 ,66,42.9,42.7
05/24/2023 03:44:57 ,65.9,42.8,42.5
05/24/2023 03:59:52 ,65.7,42.7,42.3
05/24/2023 04:14:49 ,65.4,42.5,41.9
05/24/2023 04:29:47 ,65.4,42.7,42
05/24/2023 04:44:43 ,65.4,43.5,42.5
05/24/2023 04:59:41 ,65.3,43.3,42.3
05/24/2023 05:14:39 ,65.3,44,42.7
05/24/2023 05:29:36 ,65.2,43.6,42.4
05/24/2023 05:44:31 ,65.1,43.6,42.3
05/24/2023 05:59:28 ,65,44,42.5
05/24/2023 06:14:26 ,65,44,42.4
05/24/2023 06:29:23 ,64.9,44,42.4
05/24/2023 06:44:20 ,64.9,44.1,42.4
05/24/2023 06:59:17 ,64.9,44.2,42.5
05/24/2023 07:14:14 ,64.9,44.5,42.6
05/24/2023 07:29:12 ,64.9,44.7,42.7
05/24/2023 07:44:10 ,65,44.8,42.9
05/24/2023 07:59:06 ,65.1,45,43.1
05/24/2023 08:14:04 ,65.2,45.2,43.4
05/24/2023 08:29:01 ,65.4,45.3,43.6
05/24/2023 08:43:58 ,65.5,45.5,43.8
05/24/2023 08:58:56 ,65.7,45.1,43.7
05/24/2023 09:13:53 ,65.8,42.4,42.2
05/24/2023 09:28:52 ,65.9,41.5,41.7
05/24/2023 09:43:49 ,66,41,41.5
05/24/2023 09:58:46 ,66.2,40.8,41.6
05/24/2023 10:13:43 ,66.4,40.3,41.5
05/24/2023 10:28:42 ,66.8,39.9,41.5
05/24/2023 10:43:41 ,66.9,38.3,40.6
05/24/2023 10:58:35 ,67.1,37.8,40.4
05/24/2023 11:13:33 ,67.4,38.1,40.8
05/24/2023 11:28:30 ,67.6,38.4,41.2
05/24/2023 11:43:28 ,68,38.4,41.6
05/24/2023 11:58:26 ,68.4,38.9,42.3
05/24/2023 12:13:24 ,68.7,39.7,43.1
05/24/2023 12:28:21 ,68.9,40,43.5
05/24/2023 12:43:17 ,69,40.9,44.2
05/24/2023 12:58:15 ,69.3,41.7,45
05/24/2023 13:13:12 ,69.4,42.2,45.4
05/24/2023 13:28:10 ,69.6,42.7,45.9
05/24/2023 13:43:06 ,69.9,43.2,46.4
05/24/2023 13:58:04 ,70.3,43.3,46.8
05/24/2023 14:13:02 ,70.4,43.3,46.9
05/24/2023 14:27:58 ,70.6,43.8,47.4
05/24/2023 14:42:55 ,70.8,43.6,47.5
05/24/2023 14:57:53 ,70.9,43.8,47.7
05/24/2023 15:12:50 ,71.2,43.5,47.8
05/24/2023 15:27:48 ,71.3,42.9,47.5
05/24/2023 15:42:46 ,71.5,42.9,47.7
05/24/2023 15:57:42 ,71.7,43.2,48.1
05/24/2023 16:27:36 ,72.1,43,48.3
05/24/2023 16:57:29 ,72.3,43,48.5
05/24/2023 17:27:24 ,72.3,41.4,47.5
05/24/2023 17:57:16 ,72.1,41.2,47.1
05/24/2023 18:27:09 ,71.8,50.9,52.6
05/24/2023 18:42:04 ,71.3,49.7,51.5
05/24/2023 18:57:00 ,70.8,50.2,51.3
05/24/2023 19:11:57 ,70.5,50.7,51.3
05/24/2023 19:26:54 ,70.2,51.1,51.2
05/24/2023 19:41:50 ,69.9,51.5,51.1
05/24/2023 19:56:46 ,69.7,52.1,51.2
05/24/2023 20:11:43 ,69.4,52.6,51.3
05/24/2023 20:26:39 ,69.4,53.4,51.6
05/24/2023 20:41:36 ,69.3,53.8,51.8
05/24/2023 20:56:34 ,69.1,53.6,51.5
05/24/2023 21:11:30 ,69,53.7,51.5
05/24/2023 21:26:28 ,69,53.6,51.4
05/24/2023 21:41:24 ,68.9,53.5,51.3
05/24/2023 21:56:22 ,68.9,53.6,51.3
05/24/2023 22:11:18 ,68.7,53.7,51.2
05/24/2023 22:26:15 ,68.8,53.4,51.1
05/24/2023 22:41:12 ,68.7,53.1,50.8
05/24/2023 22:56:09 ,68.5,52.9,50.6
05/24/2023 23:11:06 ,68.5,52.8,50.5
05/24/2023 23:26:03 ,68.4,52.5,50.2
05/24/2023 23:40:59 ,68.3,52.3,50.1
05/24/2023 23:55:57 ,68.1,52.1,49.8
05/25/2023 00:10:53 ,68,52.4,49.9
05/25/2023 00:25:49 ,68,52.6,50
05/25/2023 00:40:48 ,68,53,50.2
05/25/2023 00:55:44 ,67.8,53.4,50.2
05/25/2023 01:10:40 ,67.8,52.6,49.8
05/25/2023 01:25:37 ,67.6,51.6,49.1
05/25/2023 01:40:35 ,67.4,50.4,48.2
05/25/2023 01:55:33 ,67.2,49.7,47.7
05/25/2023 02:10:29 ,67.1,49.3,47.4
05/25/2023 02:25:26 ,67,48.9,47
05/25/2023 02:40:22 ,66.8,48.4,46.6
05/25/2023 02:55:19 ,66.7,48.1,46.4
05/25/2023 03:10:16 ,66.6,47.9,46.1
05/25/2023 03:25:13 ,66.4,47.7,45.9
05/25/2023 03:40:10 ,66.4,47.5,45.8
05/25/2023 03:55:07 ,66.3,47.2,45.5
05/25/2023 04:10:03 ,66.2,46.8,45.2
05/25/2023 04:25:01 ,66.1,46.4,44.9
05/25/2023 04:39:57 ,66,46.1,44.6
05/25/2023 04:54:54 ,66,45.7,44.3
05/25/2023 05:09:51 ,65.9,45.4,44.1
05/25/2023 05:24:48 ,65.8,45.1,43.8
05/25/2023 05:39:44 ,65.7,44.8,43.5
05/25/2023 05:54:42 ,65.5,44.5,43.2
05/25/2023 06:09:40 ,65.4,44.4,43.1
05/25/2023 06:24:36 ,65.3,44.2,42.9
05/25/2023 06:39:32 ,65.3,44,42.7
05/25/2023 06:54:29 ,65.2,43.7,42.4
05/25/2023 07:09:26 ,65.1,43.5,42.3
05/25/2023 07:24:23 ,65.1,43.8,42.4
05/25/2023 07:39:22 ,65.3,45.6,43.7
05/25/2023 07:54:18 ,65.5,45.9,44
05/25/2023 08:09:15 ,65.6,46,44.2
05/25/2023 08:24:14 ,65.7,45.8,44.1
05/25/2023 08:39:11 ,65.8,45.5,44.1
05/25/2023 08:54:09 ,66,45.2,44
05/25/2023 09:09:05 ,66.1,45.1,44.1
05/25/2023 09:24:04 ,66.2,44.9,44.1
05/25/2023 09:38:59 ,66.2,44.6,43.9
05/25/2023 09:53:57 ,66.3,44.6,44
05/25/2023 10:08:55 ,66.5,44.4,44
05/25/2023 10:23:51 ,66.6,44.4,44.2
05/25/2023 10:38:48 ,66.7,44.3,44.1
05/25/2023 10:53:46 ,66.7,44.2,44.1
05/25/2023 11:08:44 ,66.9,44,44.2
05/25/2023 11:23:41 ,67.1,43.8,44.2
05/25/2023 11:38:37 ,67.2,43.4,44.1
05/25/2023 11:53:34 ,67.3,43.1,44
05/25/2023 12:08:31 ,67.5,42.7,43.9
05/25/2023 12:23:28 ,67.6,42.1,43.7
05/25/2023 12:38:25 ,67.6,41.6,43.4
05/25/2023 12:53:23 ,68,40.9,43.2
05/25/2023 13:08:21 ,68.2,40,42.9
05/25/2023 13:23:18 ,68.2,39.5,42.5
05/25/2023 13:38:15 ,68.3,39.3,42.5
05/25/2023 13:53:13 ,68.5,38.9,42.4
05/25/2023 14:08:11 ,68.5,38.5,42.2
05/25/2023 14:23:07 ,68.7,38.3,42.1
05/25/2023 14:38:04 ,68.7,38,42
05/25/2023 14:53:03 ,68.8,37.5,41.7
05/25/2023 15:08:00 ,69,37,41.5
05/25/2023 15:22:56 ,69.1,37,41.7
05/25/2023 15:37:54 ,69.2,36.8,41.6
05/25/2023 15:52:50 ,69.3,36.9,41.8
05/25/2023 16:07:52 ,69.4,37.1,41.9
05/25/2023 16:22:45 ,69.4,36.8,41.8
05/25/2023 16:37:42 ,69.5,36.6,41.7
05/25/2023 16:52:42 ,69.5,36.3,41.5
05/25/2023 17:07:36 ,69.6,36.4,41.6
05/25/2023 17:22:34 ,69.6,36.4,41.7
05/25/2023 17:37:30 ,69.7,36.5,41.8
05/25/2023 17:52:27 ,69.6,36.5,41.8
05/25/2023 18:07:25 ,69.7,36.2,41.6
05/25/2023 18:22:23 ,69.7,36.1,41.5
05/25/2023 18:37:19 ,69.8,36,41.5
05/25/2023 18:52:17 ,69.8,35.8,41.4
05/25/2023 19:07:13 ,69.8,35.6,41.2
05/25/2023 19:22:11 ,69.7,35.8,41.3
05/25/2023 19:37:09 ,69.6,36.2,41.5
05/25/2023 19:52:06 ,69.5,36.2,41.4
05/25/2023 20:07:02 ,69.2,36.5,41.4
05/25/2023 20:21:58 ,69.2,36.8,41.6
05/25/2023 20:36:55 ,69.2,37.3,41.9
05/25/2023 20:51:53 ,69.2,37.8,42.3
05/25/2023 21:06:49 ,69,38.2,42.4
05/25/2023 21:21:46 ,68.9,38.7,42.6
05/25/2023 21:36:45 ,68.8,38.7,42.5
05/25/2023 21:51:41 ,68.7,38.9,42.5
05/25/2023 22:06:38 ,68.5,39.1,42.5
05/25/2023 22:21:36 ,68.5,39.3,42.7
05/25/2023 22:36:35 ,68.3,39.5,42.6
05/25/2023 22:51:30 ,68.3,39.7,42.8
05/25/2023 23:06:27 ,68.1,40.3,43
05/25/2023 23:21:24 ,68.1,40.5,43.1
05/25/2023 23:36:21 ,67.9,40.8,43.1
05/25/2023 23:51:18 ,67.8,41,43.1
05/26/2023 00:06:15 ,67.6,41.2,43.1
05/26/2023 00:21:11 ,67.5,41.5,43.2
05/26/2023 00:36:09 ,67.4,41.6,43.1
05/26/2023 00:51:05 ,67.2,41.9,43.2
05/26/2023 01:06:02 ,67.1,42.1,43.2
05/26/2023 01:20:58 ,67,42.5,43.3
05/26/2023 01:35:59 ,66.8,42.7,43.3
05/26/2023 01:50:52 ,66.7,42.6,43.1
05/26/2023 02:05:49 ,66.5,42.6,43
05/26/2023 02:20:45 ,66.3,42.6,42.8
05/26/2023 02:35:42 ,66.2,42.7,42.8
05/26/2023 02:50:40 ,66.1,42.9,42.8
05/26/2023 03:05:35 ,66,43,42.8
05/26/2023 03:20:33 ,66,43,42.7
05/26/2023 03:35:29 ,65.8,43.1,42.7
05/26/2023 03:50:28 ,65.7,43,42.5
05/26/2023 04:05:25 ,65.6,42.9,42.3
05/26/2023 04:20:21 ,65.5,43,42.3
05/26/2023 04:35:18 ,65.4,42.9,42.1
05/26/2023 04:50:14 ,65.3,42.9,42
05/26/2023 05:05:11 ,65.1,42.9,41.9
05/26/2023 05:20:08 ,65,42.8,41.7
05/26/2023 05:35:04 ,64.9,42.8,41.6
05/26/2023 05:50:01 ,64.8,42.9,41.6
05/26/2023 06:05:00 ,64.8,42.9,41.6
05/26/2023 06:19:56 ,64.7,43,41.6
05/26/2023 06:34:53 ,64.6,43.2,41.6
05/26/2023 06:49:50 ,64.5,43.4,41.7
05/26/2023 07:04:49 ,64.5,43.7,41.8
05/26/2023 07:19:45 ,64.6,43.9,42
05/26/2023 07:34:40 ,64.6,44.1,42.2
05/26/2023 07:49:38 ,64.7,43.8,42.1
05/26/2023 08:04:35 ,65,43.8,42.3
05/26/2023 08:19:32 ,65.1,43.4,42.2
05/26/2023 08:34:30 ,65.2,43.2,42.1
05/26/2023 08:49:27 ,65.4,42.5,41.9
05/26/2023 09:04:26 ,65.5,41.9,41.7
05/26/2023 09:19:22 ,65.7,41.7,41.7
05/26/2023 09:34:19 ,65.9,41.1,41.5
05/26/2023 09:49:17 ,66.1,40.1,41
05/26/2023 10:04:14 ,66.2,38.8,40.3
05/26/2023 10:19:10 ,66.3,38,39.8
05/26/2023 10:34:08 ,66.5,37,39.3
05/26/2023 10:49:06 ,66.7,36.1,38.9
05/26/2023 11:04:03 ,67,35.9,39
05/26/2023 11:19:00 ,67.1,35.5,38.8
05/26/2023 11:33:59 ,67.4,34.5,38.3
05/26/2023 11:48:57 ,67.6,34.2,38.3
05/26/2023 12:03:53 ,67.9,34.2,38.6
05/26/2023 12:18:52 ,68.1,33.9,38.5
05/26/2023 12:33:48 ,68.3,33.4,38.3
05/26/2023 12:48:46 ,68.5,33.1,38.3
05/26/2023 13:03:42 ,68.6,33.5,38.7
05/26/2023 13:18:39 ,68.8,33.2,38.6
05/26/2023 13:33:36 ,69,33,38.6
05/26/2023 13:48:35 ,69.2,33,38.8
05/26/2023 14:03:31 ,69.4,33,39
05/26/2023 14:18:28 ,69.6,32.7,38.9
05/26/2023 14:33:25 ,69.8,36.8,42.2
05/26/2023 14:48:22 ,70,39.9,44.4
05/26/2023 15:03:18 ,69.9,40.7,44.8
05/26/2023 15:18:14 ,69.9,42,45.7
05/26/2023 15:33:13 ,70,42.7,46.2
05/26/2023 15:48:09 ,70.1,42.9,46.4
05/26/2023 16:03:07 ,70,42.4,46
05/26/2023 16:18:03 ,70.1,42.8,46.4
05/26/2023 16:33:00 ,70.2,41.9,45.9
05/26/2023 16:47:58 ,70.2,41,45.3
05/26/2023 17:02:55 ,70.1,40.5,44.9
05/26/2023 17:17:52 ,70.1,40.1,44.7
05/26/2023 17:32:49 ,70.1,39.9,44.5
05/26/2023 17:47:45 ,70.1,40,44.6
05/26/2023 18:02:42 ,70.2,40.6,45
05/26/2023 18:17:40 ,70.3,40.8,45.2
05/26/2023 18:32:40 ,70.3,40.4,45.1
05/26/2023 18:47:34 ,70.4,40.4,45.1
05/26/2023 19:02:31 ,70.3,40.8,45.3
05/26/2023 19:17:28 ,70.3,41.4,45.6
05/26/2023 19:32:24 ,70.2,41.9,45.9
05/26/2023 19:47:21 ,70.1,42.4,46.1
05/26/2023 20:02:17 ,70.1,42.9,46.4
05/26/2023 20:17:16 ,70.1,43.3,46.7
05/26/2023 20:32:12 ,70.1,43.4,46.7
05/26/2023 20:47:09 ,70.1,43.5,46.8
05/26/2023 21:02:06 ,70.1,43.7,46.9
05/26/2023 21:17:03 ,70,43.2,46.5
05/26/2023 21:32:01 ,70,42.4,46
05/26/2023 21:46:58 ,69.9,41.9,45.6
05/26/2023 22:01:56 ,69.9,41.7,45.5
05/26/2023 22:16:53 ,69.8,41,44.9
05/26/2023 22:31:48 ,69.6,40.7,44.6
05/26/2023 22:46:46 ,69.6,40.5,44.4
05/26/2023 23:01:43 ,69.6,40.7,44.6
05/26/2023 23:16:40 ,69.4,41,44.6
05/26/2023 23:31:37 ,69.2,41.5,44.8
05/26/2023 23:46:34 ,69.1,42.1,45
05/27/2023 00:01:31 ,69,42.9,45.4
05/27/2023 00:16:29 ,68.9,43.6,45.7
05/27/2023 00:31:25 ,68.8,44.5,46.2
05/27/2023 00:46:22 ,68.7,44.9,46.4
05/27/2023 01:01:20 ,68.6,44.9,46.3
05/27/2023 01:16:15 ,68.5,44.9,46.2
05/27/2023 01:31:13 ,68.3,44.8,46
05/27/2023 01:46:08 ,68.1,44.6,45.7
05/27/2023 02:01:05 ,68.1,44.9,45.8
05/27/2023 02:16:02 ,68,44.9,45.7
05/27/2023 02:30:59 ,67.8,45.5,45.9
05/27/2023 02:45:56 ,67.6,46,46
05/27/2023 03:00:53 ,67.4,46,45.8
05/27/2023 03:15:49 ,67.3,46.3,45.9
05/27/2023 03:30:46 ,67.1,46.1,45.6
05/27/2023 03:45:43 ,66.8,46.2,45.4
05/27/2023 04:00:40 ,66.7,46.6,45.5
05/27/2023 04:15:38 ,66.6,46.5,45.3
05/27/2023 04:30:38 ,66.4,46.4,45.1
05/27/2023 04:45:32 ,66.3,46.5,45.1
05/27/2023 05:00:29 ,66.1,46.7,45
05/27/2023 05:15:25 ,66,46.7,44.9
05/27/2023 05:30:21 ,65.8,46.5,44.6
05/27/2023 05:45:20 ,65.7,46.6,44.6
05/27/2023 06:00:15 ,65.5,46.6,44.4
05/27/2023 06:15:12 ,65.4,46.8,44.4
05/27/2023 06:30:09 ,65.3,47.1,44.5
05/27/2023 06:45:06 ,65.3,47,44.4
05/27/2023 07:00:03 ,65.2,47,44.4
05/27/2023 07:14:59 ,65.3,46.2,44
05/27/2023 07:29:57 ,65.3,45.6,43.7
05/27/2023 07:44:53 ,65.4,45.4,43.7
05/27/2023 07:59:50 ,65.7,46.9,44.8
05/27/2023 08:14:50 ,66,48,45.7
05/27/2023 08:29:47 ,66.3,48.3,46.1
05/27/2023 08:44:50 ,66.6,48.1,46.3
05/27/2023 08:59:42 ,67,47.4,46.2
05/27/2023 09:14:39 ,67.3,46.6,46
05/27/2023 09:29:38 ,67.5,44.6,45.1
05/27/2023 09:44:36 ,67.9,44.1,45.1
05/27/2023 09:59:33 ,68.2,43.9,45.3
05/27/2023 10:14:32 ,68.6,43.2,45.2
05/27/2023 10:29:30 ,69,41.8,44.7
05/27/2023 10:44:26 ,69.2,40.2,43.9
05/27/2023 10:59:24 ,69.6,39.5,43.8
05/27/2023 11:14:22 ,69.7,39.3,43.8
05/27/2023 11:29:19 ,69.9,38.9,43.7
05/27/2023 11:44:17 ,70.2,38.5,43.7
05/27/2023 11:59:14 ,70.4,38.1,43.6
05/27/2023 12:14:13 ,70.7,37.7,43.5
05/27/2023 12:29:09 ,70.8,37.3,43.4
05/27/2023 12:44:07 ,71,37,43.4
05/27/2023 12:59:04 ,71.2,37.1,43.6
05/27/2023 13:14:03 ,71.4,36.6,43.4
05/27/2023 13:29:00 ,71.6,36.2,43.3
05/27/2023 13:43:58 ,71.9,36.5,43.8
05/27/2023 13:58:54 ,71.7,35.9,43.2
05/27/2023 14:13:50 ,70.1,36.5,42.2
05/27/2023 14:28:47 ,70.3,36.2,42.1
05/27/2023 14:43:44 ,71,35.8,42.5
05/27/2023 14:58:43 ,71.8,35,42.6
05/27/2023 15:28:39 ,72.7,33.5,42.3
05/27/2023 15:58:33 ,73.3,33.3,42.6
05/27/2023 16:28:27 ,73.8,32.9,42.7
05/27/2023 16:58:20 ,72.6,33.5,42.2
05/27/2023 17:13:14 ,71.2,34.3,41.5
05/27/2023 17:28:10 ,70.5,35.2,41.6
05/27/2023 17:43:09 ,71.9,35.5,43
05/27/2023 18:13:06 ,73.6,34.3,43.7
05/27/2023 18:43:00 ,74.4,34.2,44.3
05/27/2023 19:12:53 ,74.5,36.7,46.3
05/27/2023 19:42:48 ,74.5,38.3,47.4
05/27/2023 20:12:41 ,74.3,38.4,47.3
05/27/2023 20:42:34 ,74.2,38.6,47.3
05/27/2023 21:12:28 ,74,38.9,47.4
05/27/2023 21:42:21 ,73.8,39.4,47.5
05/27/2023 22:12:15 ,73.7,39.1,47.2
05/27/2023 22:42:08 ,73.6,39.1,47.1
05/27/2023 23:12:02 ,73.5,39.2,47.1
05/27/2023 23:41:54 ,73.3,39.7,47.2
05/28/2023 00:11:47 ,73.1,40,47.3
05/28/2023 00:41:39 ,72.9,40.2,47.2
05/28/2023 01:11:31 ,72.6,40.7,47.3
05/28/2023 01:41:25 ,72.5,41.2,47.5
05/28/2023 02:11:18 ,72.3,41.9,47.8
05/28/2023 02:41:12 ,72.1,42.4,48
05/28/2023 03:11:05 ,72,42.2,47.7
05/28/2023 03:26:03 ,71.9,42.3,47.7
05/28/2023 03:41:00 ,71.8,42.2,47.5
05/28/2023 03:55:56 ,71.8,42.1,47.5
05/28/2023 04:10:53 ,71.7,42.3,47.5
05/28/2023 04:25:50 ,71.5,42.5,47.5
05/28/2023 04:40:48 ,71.5,42.6,47.5
05/28/2023 04:55:47 ,71.4,42.8,47.5
05/28/2023 05:10:41 ,71.3,43.5,47.9
05/28/2023 05:25:38 ,71.2,43.8,48
05/28/2023 05:40:35 ,71.1,43.9,47.9
05/28/2023 05:55:32 ,71,44.3,48.1
05/28/2023 06:10:28 ,70.8,44.8,48.3
05/28/2023 06:25:26 ,70.8,45,48.3
05/28/2023 06:40:22 ,70.8,45.4,48.5
05/28/2023 06:55:19 ,70.8,45.7,48.7
05/28/2023 07:10:19 ,70.8,46.2,49
05/28/2023 07:25:15 ,70.9,46.9,49.5
05/28/2023 07:40:14 ,71,47.5,50
05/28/2023 07:55:09 ,71.2,48,50.5
05/28/2023 08:10:07 ,71.3,48,50.6
05/28/2023 08:25:04 ,71.5,47.6,50.5
05/28/2023 08:40:01 ,71.7,47.8,50.8
05/28/2023 08:54:59 ,71.8,48.3,51.2
05/28/2023 09:24:53 ,72.2,48,51.3
05/28/2023 09:54:49 ,72.6,48.2,51.9
05/28/2023 10:24:42 ,73.2,47.5,52
05/28/2023 10:54:35 ,72.9,48.2,52.1
05/28/2023 11:24:26 ,71,49.8,51.3
05/28/2023 11:54:23 ,73.4,46.8,51.8
05/28/2023 12:24:18 ,74.3,44.6,51.3
05/28/2023 12:54:14 ,74.8,42.4,50.4
05/28/2023 13:24:05 ,74.3,42.5,50
05/28/2023 13:53:57 ,73.6,43.3,49.9
05/28/2023 14:23:50 ,73.7,43.4,50
05/28/2023 14:53:43 ,73.1,44.5,50.2
05/28/2023 15:23:36 ,73.2,45.3,50.7
05/28/2023 15:53:29 ,72.9,45.9,50.8
05/28/2023 16:23:24 ,71.6,47.5,50.5
05/28/2023 16:38:15 ,70.4,48.4,49.9
05/28/2023 16:53:11 ,69.9,50.9,50.8
05/28/2023 17:08:09 ,70.5,52.6,52.3
05/28/2023 17:23:07 ,71,51.4,52.1
05/28/2023 17:38:05 ,71.2,50.8,52
05/28/2023 18:08:02 ,73.3,49.1,53
05/28/2023 18:37:58 ,74.1,48.4,53.4
05/28/2023 19:07:51 ,74.1,47.4,52.8
05/28/2023 19:37:47 ,75.2,47.1,53.6
05/28/2023 20:07:42 ,76.2,45.7,53.7
05/28/2023 20:22:39 ,76.5,45.2,53.6
05/28/2023 20:37:37 ,76.6,44.8,53.5
05/28/2023 20:52:34 ,76.6,44.2,53.2
05/28/2023 21:07:34 ,76.6,43.9,53
05/28/2023 21:22:29 ,76.7,43.8,53
05/28/2023 21:37:26 ,76.7,43.7,53
05/28/2023 21:52:22 ,76.6,43.5,52.7
05/28/2023 22:07:20 ,76.7,43.4,52.7
05/28/2023 22:22:16 ,76.6,43.2,52.5
05/28/2023 22:37:15 ,76.6,43.1,52.4
05/28/2023 22:52:10 ,76.5,43.1,52.4
05/28/2023 23:07:07 ,76.5,43.1,52.3
05/28/2023 23:22:05 ,76.4,43.1,52.3
05/28/2023 23:37:02 ,76.4,43.2,52.3
05/28/2023 23:52:00 ,76.2,43.2,52.2
05/29/2023 00:06:56 ,76.2,43.4,52.3
05/29/2023 00:21:52 ,76.1,43.5,52.3
05/29/2023 00:36:48 ,76,43.6,52.2
05/29/2023 01:06:40 ,75.7,44.1,52.3
05/29/2023 01:36:35 ,75.5,44.6,52.4
05/29/2023 02:06:27 ,75.2,45,52.4
05/29/2023 02:36:19 ,74.9,45.6,52.4
05/29/2023 03:06:13 ,74.6,46,52.4
05/29/2023 03:36:06 ,74.6,45.8,52.3
05/29/2023 04:05:59 ,74.8,43.4,51
05/29/2023 04:35:53 ,74.7,39.9,48.7
05/29/2023 05:05:47 ,74.6,36.6,46.3
05/29/2023 05:35:42 ,74.5,36.1,45.8
05/29/2023 06:05:34 ,74.3,36.4,45.9
05/29/2023 06:35:27 ,74.1,36.4,45.7
05/29/2023 07:05:21 ,74,36.1,45.4
05/29/2023 07:35:16 ,74,35.8,45.1
05/29/2023 08:05:08 ,74,34.6,44.3
05/29/2023 08:35:03 ,74,33.8,43.7
05/29/2023 09:04:56 ,74.1,32.9,43
05/29/2023 09:34:49 ,74.1,32.6,42.8
05/29/2023 10:04:43 ,74.1,32.4,42.7
05/29/2023 10:34:36 ,74.3,32.4,42.8
05/29/2023 11:04:30 ,74.3,32.6,43
05/29/2023 11:34:23 ,74.4,32.2,42.7
05/29/2023 12:04:18 ,74.4,31.3,42
05/29/2023 12:34:10 ,74.3,31.3,41.9
05/29/2023 13:04:04 ,74.1,31,41.5
05/29/2023 13:33:58 ,74,31,41.4
05/29/2023 14:03:51 ,74,31.7,42
05/29/2023 14:33:44 ,74,32.7,42.8
05/29/2023 15:03:37 ,73.9,32.9,42.9
05/29/2023 15:33:31 ,73.9,33.2,43.1
05/29/2023 16:03:24 ,73.9,33.1,43
05/29/2023 16:33:18 ,73.9,33.1,43
05/29/2023 17:03:12 ,73.9,32.7,42.7
05/29/2023 17:33:05 ,73.9,32.2,42.3
05/29/2023 18:02:58 ,73.8,31.9,41.9
05/29/2023 18:32:52 ,73.7,31.7,41.7
05/29/2023 19:02:45 ,73.6,32.5,42.3
05/29/2023 19:32:38 ,73.2,33.5,42.7
05/29/2023 20:02:31 ,72.9,33.2,42.2
05/29/2023 20:32:23 ,72.7,32.7,41.6
05/29/2023 21:02:17 ,72.5,33.1,41.8
05/29/2023 21:32:10 ,72.2,33,41.4
05/29/2023 22:02:03 ,72,33.5,41.6
05/29/2023 22:17:01 ,71.8,33.9,41.8
05/29/2023 22:31:56 ,71.8,34.4,42.1
05/29/2023 22:46:53 ,71.7,34.4,42.1
05/29/2023 23:01:50 ,71.6,34.5,42.1
05/29/2023 23:16:48 ,71.5,35.3,42.5
05/29/2023 23:31:43 ,71.4,36,42.9
05/29/2023 23:46:41 ,71.2,36.6,43.3
05/30/2023 00:01:38 ,71.1,36.9,43.4
05/30/2023 00:16:37 ,70.9,37.5,43.6
05/30/2023 00:31:32 ,70.8,38,43.8
05/30/2023 00:46:28 ,70.6,38.8,44.2
05/30/2023 01:01:25 ,70.4,39.3,44.4
05/30/2023 01:16:21 ,70.3,39.4,44.3
05/30/2023 01:31:19 ,70.2,39.3,44.2
05/30/2023 01:46:15 ,69.9,39.1,43.8
05/30/2023 02:01:12 ,69.8,39.3,43.8
05/30/2023 02:16:09 ,69.6,39.9,44.1
05/30/2023 02:31:06 ,69.5,39.8,43.9
05/30/2023 02:46:03 ,69.3,39.8,43.7
05/30/2023 03:00:59 ,69.2,39.7,43.6
05/30/2023 03:15:57 ,68.9,39.8,43.3
05/30/2023 03:30:53 ,68.7,39.9,43.3
05/30/2023 03:45:50 ,68.6,40,43.2
05/30/2023 04:00:46 ,68.2,39.9,42.8
05/30/2023 04:15:43 ,67.9,39.7,42.4
05/30/2023 04:30:41 ,67.6,39.8,42.2
05/30/2023 04:45:37 ,67.4,40.1,42.2
05/30/2023 05:00:34 ,67.2,40.1,42
05/30/2023 05:15:30 ,67,40.6,42.2
05/30/2023 05:30:27 ,66.8,40.6,42
05/30/2023 05:45:25 ,66.6,40.9,42
05/30/2023 06:00:21 ,66.5,41,42
05/30/2023 06:15:19 ,66.4,41.6,42.3
05/30/2023 06:30:16 ,66.4,42.2,42.6
05/30/2023 06:45:14 ,66.4,42.9,43.1
05/30/2023 07:00:10 ,66.5,43.3,43.4
05/30/2023 07:15:08 ,66.6,43.7,43.7
05/30/2023 07:30:04 ,66.6,44,43.9
05/30/2023 07:45:02 ,66.7,44.1,44
05/30/2023 08:00:00 ,66.8,44.2,44.2
05/30/2023 08:14:56 ,66.9,43.9,44.1
05/30/2023 08:29:53 ,66.9,43.9,44.1
05/30/2023 08:44:51 ,66.9,43.6,44
05/30/2023 08:59:47 ,67.1,44.3,44.5
05/30/2023 09:14:44 ,67.3,46.1,45.8
05/30/2023 09:29:43 ,67.5,46.2,46
05/30/2023 09:44:39 ,67.6,46,46
05/30/2023 09:59:36 ,67.9,46,46.3
05/30/2023 10:14:33 ,68,45.8,46.3
05/30/2023 10:29:31 ,68.1,45.4,46.1
05/30/2023 10:44:28 ,68.3,45.5,46.4
05/30/2023 10:59:26 ,68.5,45.1,46.3
05/30/2023 11:14:24 ,68.7,45,46.4
05/30/2023 11:29:21 ,68.8,44.5,46.2
05/30/2023 11:44:22 ,69,43.9,46.1
05/30/2023 11:59:16 ,69.2,43.8,46.1
05/30/2023 12:14:13 ,69.3,44,46.3
05/30/2023 12:29:10 ,69.5,44,46.5
05/30/2023 12:44:07 ,69.7,45.3,47.5
05/30/2023 12:59:04 ,69.8,46.7,48.4
05/30/2023 13:14:02 ,69.9,48.5,49.5
05/30/2023 13:28:59 ,70,49,49.9
05/30/2023 13:43:57 ,70.3,49.8,50.6
05/30/2023 13:58:55 ,70.3,49.8,50.6
05/30/2023 14:13:51 ,70.5,50,50.9
05/30/2023 14:28:48 ,70.7,49.7,50.9
05/30/2023 14:43:46 ,70.8,48.6,50.4
05/30/2023 14:58:43 ,70.9,47.9,50.1
05/30/2023 15:13:40 ,71.1,47.1,49.8
05/30/2023 15:28:37 ,71.2,46.5,49.6
05/30/2023 15:43:34 ,71.4,45.8,49.3
05/30/2023 15:58:31 ,71.5,45.8,49.5
05/30/2023 16:13:30 ,71.6,45.8,49.5
05/30/2023 16:28:26 ,71.7,45.8,49.6
05/30/2023 16:43:23 ,71.8,45.6,49.6
05/30/2023 16:58:21 ,71.9,45.5,49.6
05/30/2023 17:13:18 ,71.9,45.7,49.7
05/30/2023 17:28:16 ,71.9,46.2,50.1
05/30/2023 17:43:14 ,71.9,46.8,50.4
05/30/2023 18:13:06 ,72,47.7,51
05/30/2023 18:42:59 ,72,48.2,51.3
05/30/2023 19:12:53 ,72,47.8,51
05/30/2023 19:42:48 ,72,48.7,51.5
05/30/2023 20:12:39 ,71.9,48.5,51.4
05/30/2023 20:27:36 ,71.8,48.1,51.1
05/30/2023 20:42:34 ,71.8,48,51
05/30/2023 20:57:30 ,71.7,46.3,50
05/30/2023 21:12:27 ,71.6,44.8,49
05/30/2023 21:27:24 ,71.5,43.3,48
05/30/2023 21:42:20 ,71.4,42.8,47.5
05/30/2023 21:57:17 ,71.3,42.6,47.4
05/30/2023 22:12:14 ,71.2,42.9,47.4
05/30/2023 22:27:10 ,71.1,43.7,47.8
05/30/2023 22:42:07 ,70.9,44.6,48.2
05/30/2023 22:57:04 ,70.8,45.4,48.5
05/30/2023 23:12:00 ,70.7,45.5,48.5
05/30/2023 23:26:59 ,70.5,45.3,48.2
05/30/2023 23:41:54 ,70.3,45.3,48.1
05/30/2023 23:56:51 ,70.2,45.4,48
05/31/2023 00:11:47 ,69.9,45.5,47.8
05/31/2023 00:26:44 ,69.7,45.8,47.8
05/31/2023 00:41:41 ,69.5,46.1,47.8
05/31/2023 00:56:39 ,69.2,46.4,47.7
05/31/2023 01:11:36 ,69,47,47.9
05/31/2023 01:26:30 ,68.9,47.5,48
05/31/2023 01:41:27 ,68.7,47.7,48
05/31/2023 01:56:24 ,68.5,48,48
05/31/2023 02:11:20 ,68.4,48,47.9
05/31/2023 02:26:17 ,68.2,48.1,47.8
05/31/2023 02:41:13 ,68,48.3,47.7
05/31/2023 02:56:12 ,68,48.3,47.6
05/31/2023 03:11:09 ,67.9,48.3,47.5
05/31/2023 03:26:05 ,67.6,48.2,47.3
05/31/2023 03:41:01 ,67.5,48,47
05/31/2023 03:55:58 ,67.4,47.9,46.9
05/31/2023 04:10:54 ,67.2,47.9,46.7
05/31/2023 04:25:51 ,67,47.7,46.4
05/31/2023 04:40:49 ,66.9,47.5,46.2
05/31/2023 04:55:46 ,66.7,47.5,46
05/31/2023 05:10:42 ,66.5,47.4,45.8
05/31/2023 05:25:39 ,66.3,47.2,45.5
05/31/2023 05:40:35 ,66.2,47.3,45.4
05/31/2023 05:55:32 ,66,47,45.1
05/31/2023 06:10:30 ,65.8,47.3,45.1
05/31/2023 06:25:26 ,65.7,47.6,45.2
05/31/2023 06:40:22 ,65.5,47.9,45.1
05/31/2023 06:55:18 ,65.4,48.2,45.2
05/31/2023 07:10:18 ,65.4,48.8,45.6
05/31/2023 07:25:14 ,65.3,49.3,45.7
05/31/2023 07:40:10 ,65.4,49.8,46
05/31/2023 07:55:06 ,65.3,50.1,46.2
05/31/2023 08:10:04 ,65.5,50.3,46.4
05/31/2023 08:25:02 ,65.5,50.7,46.7
05/31/2023 08:39:58 ,65.6,50.9,46.9
05/31/2023 08:54:57 ,65.7,51.4,47.2
05/31/2023 09:09:53 ,65.9,51.5,47.4
05/31/2023 09:24:51 ,66,51.7,47.7
05/31/2023 09:39:47 ,66.2,51.6,47.8
05/31/2023 09:54:45 ,66.4,51.7,48
05/31/2023 10:09:40 ,66.7,51,47.9
05/31/2023 10:24:38 ,66.9,49.8,47.4
05/31/2023 10:39:34 ,67.1,48.6,47
05/31/2023 10:54:33 ,67.4,47.3,46.5
05/31/2023 11:09:31 ,67.8,45.5,45.9
05/31/2023 11:24:28 ,68.1,46.8,46.9
05/31/2023 11:39:28 ,68.6,47.7,47.9
05/31/2023 11:54:25 ,69,46.5,47.5
05/31/2023 12:09:21 ,69.3,44.5,46.7
05/31/2023 12:24:19 ,69.6,43,46
05/31/2023 12:39:17 ,69.8,41.9,45.5
05/31/2023 12:54:16 ,70.1,41,45.2
05/31/2023 13:09:11 ,70.4,39.3,44.4
05/31/2023 13:24:09 ,70.7,39.2,44.6
05/31/2023 13:39:07 ,70.2,39.4,44.2
05/31/2023 13:54:05 ,70,38.5,43.5
05/31/2023 14:09:03 ,70.6,38.8,44.2
05/31/2023 14:24:00 ,71.1,37.5,43.8
05/31/2023 14:38:58 ,71.4,37,43.7
05/31/2023 14:53:57 ,70.8,36.7,42.9
05/31/2023 15:08:52 ,69.8,37,42.3
05/31/2023 15:23:50 ,70.3,36.9,42.6
05/31/2023 15:38:47 ,70.8,35.8,42.3
05/31/2023 15:53:50 ,71.6,35.6,42.9
05/31/2023 16:23:41 ,72.6,35.7,43.9
05/31/2023 16:53:35 ,73.2,34.7,43.6
05/31/2023 17:23:29 ,73.7,34.6,44
05/31/2023 17:53:19 ,71.6,36.7,43.7
05/31/2023 18:08:16 ,71.3,38.3,44.5
05/31/2023 18:38:13 ,73.4,39.8,47.4
05/31/2023 19:08:10 ,74.3,43.1,50.3
05/31/2023 19:38:02 ,74.4,46.6,52.6
05/31/2023 20:07:56 ,74.5,47.4,53.1
05/31/2023 20:37:50 ,74.4,47.9,53.3
05/31/2023 21:07:44 ,74.2,49.1,53.8
05/31/2023 21:37:35 ,73.9,48.1,53
05/31/2023 22:07:29 ,73.7,49.1,53.3
05/31/2023 22:37:22 ,73.3,49.9,53.4
05/31/2023 23:07:16 ,73,50.5,53.5
05/31/2023 23:37:08 ,72.8,50.6,53.3
06/01/2023 00:07:01 ,72.5,50.4,53
06/01/2023 00:36:54 ,72.3,50.3,52.7
06/01/2023 01:06:48 ,72.1,50.2,52.5
06/01/2023 01:36:42 ,72,50.4,52.5
06/01/2023 01:51:40 ,71.8,50.4,52.3
06/01/2023 02:06:38 ,71.7,50.5,52.3
06/01/2023 02:21:35 ,71.6,50.9,52.4
06/01/2023 02:36:32 ,71.5,51.3,52.5
06/01/2023 02:51:28 ,71.4,51.6,52.6
06/01/2023 03:06:25 ,71.3,51.9,52.6
06/01/2023 03:21:22 ,71.1,52.2,52.6
06/01/2023 03:36:18 ,71.1,52.5,52.8
06/01/2023 03:51:16 ,71,52.8,52.8
06/01/2023 04:06:13 ,70.8,52.9,52.7
06/01/2023 04:21:10 ,70.7,53,52.7
06/01/2023 04:36:08 ,70.6,53.2,52.7
06/01/2023 04:51:04 ,70.5,53.5,52.8
06/01/2023 05:06:01 ,70.4,53.7,52.8
06/01/2023 05:20:58 ,70.3,53.8,52.7
06/01/2023 05:35:54 ,70.2,53.8,52.6
06/01/2023 05:50:51 ,70.1,54.1,52.7
06/01/2023 06:05:48 ,70,54.3,52.7
06/01/2023 06:20:45 ,70,54.7,52.9
06/01/2023 06:35:42 ,69.9,55,52.9
06/01/2023 06:50:39 ,69.9,55.5,53.1
06/01/2023 07:05:36 ,69.9,56.2,53.5
06/01/2023 07:20:33 ,69.9,56.4,53.6
06/01/2023 07:35:31 ,70,56.7,53.9
06/01/2023 07:50:27 ,70.3,56.5,54
06/01/2023 08:05:24 ,70.3,56.3,54
06/01/2023 08:20:22 ,70.5,56.1,54
06/01/2023 08:35:20 ,70.7,56,54.1
06/01/2023 08:50:18 ,70.8,55.8,54.2
06/01/2023 09:05:14 ,71,55.4,54.2
06/01/2023 09:20:12 ,71.2,54.9,54.1
06/01/2023 09:35:10 ,71.5,54.7,54.2
06/01/2023 09:50:07 ,71.8,54.5,54.4
06/01/2023 10:20:03 ,72.2,54,54.6
06/01/2023 10:49:56 ,72.7,54.6,55.4
06/01/2023 11:19:52 ,73.2,53.7,55.3
06/01/2023 11:49:45 ,73.5,53.2,55.4
06/01/2023 12:19:41 ,74.1,52.9,55.7
06/01/2023 12:49:30 ,72.9,51,53.7
06/01/2023 13:19:22 ,71.1,50.8,51.9
06/01/2023 13:34:18 ,70.9,50.1,51.3
06/01/2023 13:49:16 ,71,49.7,51.2
06/01/2023 14:04:13 ,71,50.6,51.7
06/01/2023 14:19:10 ,71.5,52.9,53.4
06/01/2023 14:34:06 ,70.8,54.3,53.4
06/01/2023 14:49:04 ,70.5,54.9,53.5
06/01/2023 15:04:00 ,70.5,55.9,53.9
06/01/2023 15:18:58 ,70.3,56,53.8
06/01/2023 15:33:55 ,70.4,56.1,53.9
06/01/2023 15:48:51 ,70.3,56,53.8
06/01/2023 16:03:49 ,70.1,55.4,53.3
06/01/2023 16:18:45 ,69.9,56.2,53.6
06/01/2023 16:33:44 ,69.5,54.5,52.3
06/01/2023 16:48:40 ,69.7,54.7,52.6
06/01/2023 17:03:36 ,69.5,53.6,51.8
06/01/2023 17:18:34 ,69.2,53.2,51.4
06/01/2023 17:33:30 ,69,53,51.1
06/01/2023 17:48:27 ,68.9,52.8,50.9
06/01/2023 18:03:24 ,69.1,53.6,51.5
06/01/2023 18:18:22 ,69.5,53.1,51.6
06/01/2023 18:33:20 ,70.7,58.5,55.4
06/01/2023 18:48:18 ,71.5,60,56.8
06/01/2023 19:03:17 ,71.9,59.3,56.9
06/01/2023 19:18:13 ,71.3,59.5,56.4
06/01/2023 19:33:09 ,71.3,59.8,56.5
06/01/2023 20:03:06 ,73.1,61.9,59.2
06/01/2023 20:33:01 ,74.7,58,58.9
06/01/2023 21:02:56 ,75.3,55.2,58.1
06/01/2023 21:32:49 ,75.5,52.7,57
06/01/2023 22:02:43 ,75.6,51.4,56.4
06/01/2023 22:32:37 ,75.6,51,56.2
06/01/2023 23:02:30 ,75.5,51.3,56.3
06/01/2023 23:32:24 ,75.6,52.3,56.9
06/02/2023 00:02:16 ,75.6,52.8,57.1
06/02/2023 00:32:10 ,75.5,53,57.2
06/02/2023 01:02:03 ,75.4,53.2,57.2
06/02/2023 01:31:55 ,75.3,53.5,57.2
06/02/2023 02:01:48 ,75.2,54.2,57.4
06/02/2023 02:31:42 ,75,54.9,57.6
06/02/2023 03:01:35 ,74.9,55.6,57.9
06/02/2023 03:31:30 ,74.7,56.1,57.9
06/02/2023 04:01:24 ,74.6,56.6,58.2
06/02/2023 04:31:18 ,74.5,57,58.2
06/02/2023 05:01:10 ,74.4,57.1,58.2
06/02/2023 05:31:05 ,74.3,57.2,58.2
06/02/2023 06:00:59 ,74.1,57.7,58.2
06/02/2023 06:30:50 ,74,58.1,58.3
06/02/2023 07:00:44 ,73.9,58.8,58.6
06/02/2023 07:30:37 ,74,59.6,59
06/02/2023 08:00:31 ,74.2,60.4,59.6
06/02/2023 08:30:25 ,73.9,61.6,59.9
06/02/2023 09:00:18 ,73.5,63.5,60.3
06/02/2023 09:30:11 ,72.7,63.5,59.6
06/02/2023 10:00:05 ,73.5,64,60.6
06/02/2023 10:30:00 ,73.8,63.4,60.6
06/02/2023 10:59:51 ,73,58.6,57.6
06/02/2023 11:14:44 ,70.7,58.4,55.3
06/02/2023 11:29:41 ,70.8,63.8,57.9
06/02/2023 11:44:39 ,71,63.7,58
06/02/2023 11:59:37 ,71.1,63.6,58.1
06/02/2023 12:14:34 ,71.3,63.9,58.4
06/02/2023 12:29:30 ,71.2,61.8,57.3
06/02/2023 12:44:30 ,71.2,60.1,56.6
06/02/2023 12:59:23 ,70.8,61.4,56.9
06/02/2023 13:14:20 ,70.8,62.1,57.2
06/02/2023 13:29:20 ,70.7,63.2,57.5
06/02/2023 13:44:16 ,70.9,62.6,57.4
06/02/2023 13:59:11 ,71.1,62.1,57.4
06/02/2023 14:14:10 ,70.7,61.7,56.8
06/02/2023 14:29:05 ,70.9,61.1,56.8
06/02/2023 14:44:03 ,71.1,62.1,57.4
06/02/2023 14:58:58 ,71.1,62.8,57.7
06/02/2023 15:13:55 ,71.1,61.3,57
06/02/2023 15:28:52 ,71.5,60.3,56.9
06/02/2023 15:43:49 ,71.4,60.5,57
06/02/2023 15:58:46 ,71,61,56.8
06/02/2023 16:13:43 ,71.1,60.3,56.6
06/02/2023 16:28:42 ,71.4,60.9,57.1
06/02/2023 16:43:36 ,70.9,59.7,56.1
06/02/2023 16:58:35 ,71.3,57.7,55.6
06/02/2023 17:13:31 ,71.6,57.5,55.8
06/02/2023 17:28:29 ,71.9,57.2,55.9
06/02/2023 17:43:26 ,71.8,54.9,54.7
06/02/2023 17:58:24 ,71.7,54.1,54.2
06/02/2023 18:13:20 ,71.6,53.6,53.8
06/02/2023 18:28:17 ,71.6,53.4,53.7
06/02/2023 18:43:15 ,71.5,53.4,53.6
06/02/2023 18:58:12 ,71.5,53.4,53.6
06/02/2023 19:13:08 ,71.4,53.4,53.5
06/02/2023 19:28:05 ,71.4,53.5,53.5
06/02/2023 19:43:01 ,71.3,53.2,53.4
06/02/2023 19:57:57 ,71.2,53.1,53.1
06/02/2023 20:12:54 ,71.1,53.2,53.2
06/02/2023 20:27:50 ,71.1,53.1,53.1
06/02/2023 20:42:47 ,71,53,53
06/02/2023 20:57:45 ,71,52.8,52.8
06/02/2023 21:12:41 ,70.9,52.7,52.7
06/02/2023 21:27:38 ,70.8,52.6,52.6
06/02/2023 21:42:35 ,70.7,52.4,52.4
06/02/2023 21:57:31 ,70.6,52.1,52.1
06/02/2023 22:12:28 ,70.5,51.7,51.8
06/02/2023 22:27:26 ,70.3,51.2,51.4
06/02/2023 22:42:23 ,70.1,50.9,51
06/02/2023 22:57:19 ,70,50.5,50.7
06/02/2023 23:12:16 ,69.8,50.3,50.4
06/02/2023 23:27:15 ,69.7,50.3,50.3
06/02/2023 23:42:09 ,69.6,50.1,50.1
06/02/2023 23:57:07 ,69.5,49.8,49.9
06/03/2023 00:12:04 ,69.3,49.8,49.7
06/03/2023 00:27:01 ,69.2,49.8,49.6
06/03/2023 00:41:58 ,69,49.8,49.4
06/03/2023 00:56:55 ,69,49.8,49.4
06/03/2023 01:11:52 ,68.9,49.7,49.2
06/03/2023 01:26:48 ,68.8,49.5,49
06/03/2023 01:41:45 ,68.6,49.4,48.8
06/03/2023 01:56:43 ,68.4,49.5,48.7
06/03/2023 02:11:39 ,68.3,49.4,48.6
06/03/2023 02:26:36 ,68.2,49.4,48.5
06/03/2023 02:41:34 ,68.1,49.3,48.3
06/03/2023 02:56:32 ,68,49.3,48.2
06/03/2023 03:11:29 ,67.9,49.4,48.1
06/03/2023 03:26:24 ,67.7,49.4,48
06/03/2023 03:41:21 ,67.7,49.6,48.1
06/03/2023 03:56:18 ,67.5,49.7,48
06/03/2023 04:11:15 ,67.4,49.8,47.9
06/03/2023 04:26:12 ,67.3,50,47.9
06/03/2023 04:41:10 ,67.2,50.1,47.9
06/03/2023 04:56:07 ,67.2,50.2,48
06/03/2023 05:11:05 ,67.1,50.4,47.9
06/03/2023 05:26:01 ,66.9,50.5,47.9
06/03/2023 05:40:58 ,66.9,50.6,47.8
06/03/2023 05:55:55 ,66.8,50.7,47.8
06/03/2023 06:10:53 ,66.7,50.9,47.9
06/03/2023 06:25:50 ,66.6,51,47.8
06/03/2023 06:40:46 ,66.5,51.1,47.8
06/03/2023 06:55:42 ,66.5,51.4,47.9
06/03/2023 07:10:41 ,66.4,51.6,47.9
06/03/2023 07:25:36 ,66.3,51.6,47.8
06/03/2023 07:40:33 ,66.3,51.6,47.8
06/03/2023 07:55:31 ,66.2,51.7,47.8
06/03/2023 08:10:28 ,66.2,51.8,47.8
06/03/2023 08:25:24 ,66.1,51.9,47.8
06/03/2023 08:40:21 ,66,51.9,47.7
06/03/2023 08:55:18 ,66,52,47.7
06/03/2023 09:10:14 ,65.9,52,47.7
06/03/2023 09:25:13 ,65.8,52.3,47.8
06/03/2023 09:40:08 ,65.8,52.5,47.8
06/03/2023 09:55:05 ,65.7,52.4,47.7
06/03/2023 10:10:03 ,65.6,52.5,47.6
06/03/2023 10:24:59 ,65.6,52.7,47.7
06/03/2023 10:39:57 ,65.4,52.6,47.6
06/03/2023 10:54:55 ,65.4,52.9,47.6
06/03/2023 11:09:51 ,65.3,53,47.7
06/03/2023 11:24:47 ,65.2,53.2,47.6
06/03/2023 11:39:45 ,65.1,53.3,47.6
06/03/2023 11:54:42 ,65.1,53.4,47.6
06/03/2023 12:09:39 ,65.1,53.3,47.6
06/03/2023 12:24:36 ,65,53.4,47.5
06/03/2023 12:39:32 ,64.9,53.5,47.5
06/03/2023 12:54:31 ,64.8,53.5,47.4
06/03/2023 13:09:26 ,64.8,53.5,47.4
06/03/2023 13:24:23 ,64.9,53.3,47.4
06/03/2023 13:39:19 ,64.8,53.2,47.3
06/03/2023 13:54:18 ,64.7,53,47.1
06/03/2023 14:09:15 ,64.6,52.6,46.8
06/03/2023 14:24:10 ,64.6,52.7,46.8
06/03/2023 14:39:06 ,64.5,52.6,46.7
06/03/2023 14:54:04 ,64.4,52.7,46.6
06/03/2023 15:09:01 ,64.3,52.3,46.4
06/03/2023 15:23:59 ,64.3,52.2,46.3
06/03/2023 15:38:55 ,64.5,51.8,46.3
06/03/2023 15:53:52 ,64.6,51.4,46.2
06/03/2023 16:08:49 ,64.7,51.2,46.1
06/03/2023 16:23:46 ,64.7,51.6,46.4
06/03/2023 16:38:44 ,64.6,51.8,46.4
06/03/2023 16:53:42 ,64.6,51.8,46.4
06/03/2023 17:08:38 ,64.7,51.6,46.4
06/03/2023 17:23:37 ,64.8,51.4,46.3
06/03/2023 17:38:33 ,64.6,50.9,45.9
06/03/2023 17:53:29 ,64.5,50.5,45.6
06/03/2023 18:08:26 ,64.5,50.1,45.4
06/03/2023 18:23:23 ,64.4,49.7,45.1
06/03/2023 18:38:20 ,64.3,49.5,44.9
06/03/2023 18:53:20 ,64.3,49.3,44.8
06/03/2023 19:08:15 ,64.2,49.4,44.8
06/03/2023 19:23:12 ,64.1,49.9,44.9
06/03/2023 19:38:09 ,63.9,50.4,45
06/03/2023 19:53:07 ,63.9,50.5,45
06/03/2023 20:08:03 ,63.8,50.4,44.9
06/03/2023 20:23:01 ,63.8,50.5,44.9
06/03/2023 20:37:58 ,63.7,50.7,45
06/03/2023 20:52:55 ,63.6,50.7,44.9
06/03/2023 21:07:52 ,63.6,50.7,44.9
06/03/2023 21:22:50 ,63.5,50.7,44.8
06/03/2023 21:37:46 ,63.5,50.5,44.7
06/03/2023 21:52:43 ,63.4,49.9,44.3
06/03/2023 22:07:40 ,63.4,49.5,44
06/03/2023 22:22:38 ,63.3,49.4,43.9
06/03/2023 22:37:33 ,63.2,49.3,43.8
06/03/2023 22:52:30 ,63.1,49.1,43.6
06/03/2023 23:07:27 ,63.1,49.1,43.6
06/03/2023 23:22:25 ,63,49.1,43.5
06/03/2023 23:37:23 ,62.9,49.4,43.6
06/03/2023 23:52:19 ,63,49.8,43.8
06/04/2023 00:07:15 ,62.9,50.1,43.9
06/04/2023 00:22:13 ,62.8,50.2,43.9
06/04/2023 00:37:11 ,62.8,50.2,43.9
06/04/2023 00:52:07 ,62.7,50.2,43.8
06/04/2023 01:07:04 ,62.7,50.4,43.9
06/04/2023 01:22:01 ,62.6,50.4,43.8
06/04/2023 01:36:58 ,62.5,50.6,43.8
06/04/2023 01:51:54 ,62.6,50.8,44
06/04/2023 02:06:50 ,62.4,51,44
06/04/2023 02:21:47 ,62.4,51.1,44
06/04/2023 02:36:46 ,62.4,51.2,44
06/04/2023 02:51:41 ,62.3,51.3,44
06/04/2023 03:06:39 ,62.2,51.2,43.9
06/04/2023 03:21:37 ,62.2,51.7,44.1
06/04/2023 03:36:34 ,62.1,52.2,44.3
06/04/2023 03:51:32 ,62.1,52.4,44.4
06/04/2023 04:06:27 ,62.1,52.2,44.2
06/04/2023 04:21:23 ,62,52.1,44.1
06/04/2023 04:36:20 ,62,52.4,44.2
06/04/2023 04:51:17 ,61.9,52.9,44.4
06/04/2023 05:06:15 ,61.8,53.3,44.6
06/04/2023 05:21:11 ,61.8,53.6,44.7
06/04/2023 05:36:09 ,61.8,53.6,44.7
06/04/2023 05:51:08 ,61.7,53.5,44.6
06/04/2023 06:06:02 ,61.7,53.3,44.4
06/04/2023 06:21:00 ,61.6,52.7,44.1
06/04/2023 06:35:56 ,61.5,52,43.6
06/04/2023 06:50:52 ,61.5,51.6,43.4
06/04/2023 07:05:49 ,61.4,51.2,43.1
06/04/2023 07:20:48 ,61.4,51,43
06/04/2023 07:35:44 ,61.4,50.8,42.9
06/04/2023 07:50:41 ,61.4,50.7,42.9
06/04/2023 08:05:37 ,61.4,50.8,42.9
06/04/2023 08:20:36 ,61.4,50.7,42.9
06/04/2023 08:35:33 ,61.4,50.5,42.7
06/04/2023 08:50:30 ,61.4,50.3,42.6
06/04/2023 09:05:27 ,61.3,50.1,42.4
06/04/2023 09:20:24 ,61.3,49.6,42.2
06/04/2023 09:35:22 ,61.3,49.4,42
06/04/2023 09:50:19 ,61.3,49.3,42
06/04/2023 10:05:18 ,61.2,49.3,41.9
06/04/2023 10:20:14 ,61.1,49.4,41.9
06/04/2023 10:35:10 ,61.1,49.6,42
06/04/2023 10:50:09 ,61.1,50.9,42.7
06/04/2023 11:05:06 ,61.1,51.1,42.8
06/04/2023 11:20:03 ,61.1,51.8,43.1
06/04/2023 11:35:00 ,61.1,53.5,43.9
06/04/2023 11:49:58 ,61.1,54.1,44.2
06/04/2023 12:04:55 ,61.1,54,44.2
06/04/2023 12:19:52 ,61.1,53.5,43.9
06/04/2023 12:34:49 ,61.3,53,43.9
06/04/2023 12:49:46 ,61.1,52.5,43.5
06/04/2023 13:04:43 ,61.1,52.1,43.3
06/04/2023 13:19:39 ,61.1,51.7,43
06/04/2023 13:34:37 ,61,51.4,42.9
06/04/2023 13:49:33 ,60.9,51.6,42.9
06/04/2023 14:04:30 ,61.5,52.4,43.8
06/04/2023 14:19:28 ,62,52.7,44.4
06/04/2023 14:34:26 ,62.1,52.8,44.6
06/04/2023 14:49:25 ,62.1,52.6,44.5
06/04/2023 15:04:20 ,62.2,51.8,44.1
06/04/2023 15:19:17 ,62.2,51.1,43.8
06/04/2023 15:34:15 ,62.2,50.8,43.6
06/04/2023 15:49:10 ,62.2,50.6,43.6
06/04/2023 16:04:07 ,62.3,50.6,43.6
06/04/2023 16:19:05 ,62.3,51.1,43.9
06/04/2023 16:34:03 ,62.9,52,44.9
06/04/2023 16:49:01 ,63.4,52.5,45.6
06/04/2023 17:03:57 ,63.8,52.5,46
06/04/2023 17:18:55 ,64.1,53,46.5
06/04/2023 17:33:52 ,64.3,53.2,46.8
06/04/2023 17:48:50 ,64.4,53.4,47
06/04/2023 18:03:47 ,64.5,53.5,47.2
06/04/2023 18:18:45 ,64.6,53.6,47.3
06/04/2023 18:33:42 ,64.7,53.7,47.5
06/04/2023 18:48:40 ,64.5,53.8,47.3
06/04/2023 19:03:36 ,63.7,54.6,47
06/04/2023 19:18:32 ,63.3,55.2,46.8
06/04/2023 19:33:28 ,62.9,55.8,46.8
06/04/2023 19:48:24 ,62.6,56.2,46.6
06/04/2023 20:03:21 ,62.4,56.7,46.7
06/04/2023 20:18:17 ,62.2,57.1,46.7
06/04/2023 20:33:14 ,62.1,57.4,46.7
06/04/2023 20:48:11 ,61.9,57.8,46.8
06/04/2023 21:03:07 ,61.9,58,46.8
06/04/2023 21:18:03 ,61.7,58.2,46.8
06/04/2023 21:33:01 ,61.7,58.4,46.8
06/04/2023 21:47:57 ,61.6,58.7,46.9
06/04/2023 22:02:54 ,61.6,58.8,46.9
06/04/2023 22:17:52 ,61.6,59,47
06/04/2023 22:32:48 ,61.5,59.2,47
06/04/2023 22:47:45 ,61.5,59.3,47
06/04/2023 23:02:42 ,61.4,59.3,47
06/04/2023 23:17:40 ,61.3,58.3,46.5
06/04/2023 23:32:36 ,61.2,58,46.2
06/04/2023 23:47:33 ,61.4,62.4,48.4
06/05/2023 00:02:31 ,61.5,62.4,48.5
06/05/2023 00:17:28 ,61.6,61.9,48.3
06/05/2023 00:32:24 ,61.6,61.8,48.3
06/05/2023 00:47:24 ,61.6,61.6,48.2
06/05/2023 01:02:20 ,61.7,61.5,48.2
06/05/2023 01:17:16 ,61.7,61.3,48.2
06/05/2023 01:32:16 ,61.7,61.2,48.1
06/05/2023 01:47:11 ,61.8,60.9,48.1
06/05/2023 02:02:07 ,61.8,60.8,48.1
06/05/2023 02:17:04 ,61.8,60.8,48.1
06/05/2023 02:32:02 ,61.9,60.8,48.1
06/05/2023 02:46:59 ,61.9,60.9,48.2
06/05/2023 03:01:56 ,61.9,61.2,48.3
06/05/2023 03:16:54 ,61.9,61.2,48.3
06/05/2023 03:31:50 ,62,61.3,48.4
06/05/2023 03:46:49 ,61.9,61.4,48.4
06/05/2023 04:01:47 ,61.9,61.5,48.5
06/05/2023 04:16:43 ,61.9,61.5,48.4
06/05/2023 04:31:41 ,61.9,61.5,48.4
06/05/2023 04:46:36 ,61.9,61.4,48.4
06/05/2023 05:01:33 ,62,61.6,48.5
06/05/2023 05:16:31 ,62,61.7,48.6
06/05/2023 05:31:27 ,62,61.7,48.6
06/05/2023 05:46:27 ,62,61.8,48.6
06/05/2023 06:01:22 ,62,62.1,48.8
06/05/2023 06:16:19 ,62,62.2,48.8
06/05/2023 06:31:16 ,62,62.4,48.9
06/05/2023 06:46:15 ,62,62.7,49
06/05/2023 07:01:13 ,61.9,62.8,49
06/05/2023 07:16:09 ,61.9,63,49.1
06/05/2023 07:31:05 ,61.9,61.6,48.5
06/05/2023 07:46:03 ,61.8,59.9,47.6
06/05/2023 08:01:01 ,61.4,59.4,47.1
06/05/2023 08:15:54 ,61.1,59.5,46.8
06/05/2023 08:30:51 ,60.9,60.1,46.9
06/05/2023 08:45:48 ,60.7,60.6,46.9
06/05/2023 09:00:44 ,60.7,61,47
06/05/2023 09:15:43 ,60.6,61,46.9
06/05/2023 09:30:38 ,60.4,60.5,46.6
06/05/2023 09:45:35 ,60.3,60.6,46.5
06/05/2023 10:00:32 ,60.4,61.5,47
06/05/2023 10:15:29 ,60.3,61.6,47
